4.810006618499755859e-01,5.061666965484619141e-01,4.818001985549926758e-01
7.145278813069921853e-11,8.982007915214751392e-10,1.000000000000000000e+00
1.205009356186614866e-11,3.720913854809992927e-10,1.000000000000000000e+00
1.425203271371300318e-12,2.347878141906178939e-11,1.000000000000000000e+00
1.000000000000000000e+00,2.288584655119052513e-09,1.020482656710619551e-10
9.983285053749568760e-06,4.917132537229917943e-05,9.999595880508422852e-01
6.380468562383612152e-07,1.374952374177951242e-10,9.999998807907104492e-01
1.250934019481064752e-05,7.661081035621464252e-04,9.997655749320983887e-01
8.369744755327701569e-03,4.801909963134676218e-04,9.966356158256530762e-01
2.707144245505332947e-03,4.225924785714596510e-04,9.968239068984985352e-01
4.195041256025433540e-04,2.689858774829190224e-05,9.997879862785339355e-01
5.035451613366603851e-05,1.827364758355543017e-05,9.998692274093627930e-01
6.631221936004294548e-07,5.499317268231607159e-08,9.999852180480957031e-01
2.489370817784219980e-04,1.026372425258159637e-03,9.993171691894531250e-01
2.328235057546569620e-14,1.007651400470807590e-14,1.000000000000000000e+00
2.414801691941192985e-10,1.009092982784398629e-12,1.000000000000000000e+00
5.155560353631294390e-11,1.000000000000000000e+00,1.068712719207081459e-17
3.753214514290448278e-06,1.498286110290791839e-06,9.999972581863403320e-01
4.602455592248588800e-04,4.010715565527789295e-05,9.968369007110595703e-01
3.699070134643989149e-07,1.091458656787835935e-07,9.999997615814208984e-01
2.806048541970085353e-06,9.999926090240478516e-01,1.805444895808250294e-07
1.000000000000000000e+00,2.731559439625223089e-20,4.010760297555419907e-15
1.456420051226814394e-07,1.664350151031612768e-07,9.999997615814208984e-01
2.905971143718488747e-07,1.779565423021267634e-06,9.999991655349731445e-01
6.842795755801489577e-06,9.999998807907104492e-01,4.621582283537151170e-11
1.340997590748571611e-10,1.000000000000000000e+00,9.231193464424006300e-21
1.265771931713288723e-10,3.869604560825107287e-13,1.000000000000000000e+00
2.513093022571410984e-08,1.005319334140303779e-17,1.000000000000000000e+00
1.000000000000000000e+00,2.173185936760191339e-10,1.867923675978599984e-13
1.000000000000000000e+00,4.257906961041557636e-12,4.874617013208085159e-15
1.000000000000000000e+00,1.808338367936812574e-09,6.150322764096605166e-13
4.196293230052106082e-05,9.997352957725524902e-01,1.947758755704853684e-05
1.717822160571813583e-04,9.996209144592285156e-01,7.493964221794158220e-05
2.022474445402622223e-02,9.871444106101989746e-01,1.080969930626451969e-03
6.511207669973373413e-02,9.750536680221557617e-01,9.122837800532579422e-04
3.791926019403035752e-06,9.999994039535522461e-01,3.635444159044709522e-07
4.534889478236436844e-03,9.784372448921203613e-01,4.842566454499319661e-07
9.703098839963786304e-06,9.954337477684020996e-01,1.238847024964684351e-09
6.766300941762892762e-08,9.995682835578918457e-01,2.319194836175597629e-09
1.413244903087615967e-01,9.966999888420104980e-01,5.039411110629998802e-10
3.957142773181043793e-12,1.000000000000000000e+00,3.059440918532966127e-16
8.960796549217775464e-06,9.999997615814208984e-01,6.698954169159776484e-10
7.228545561600852043e-13,1.000000000000000000e+00,5.430068609248986031e-15
5.265732294645886213e-12,1.000000000000000000e+00,5.290986561639482444e-14
3.719778052745613406e-14,1.000000000000000000e+00,9.886885535962923878e-17
8.247913285686081508e-08,1.000000000000000000e+00,1.537184962652204945e-11
6.981607657854894608e-15,1.000000000000000000e+00,1.389072035845660406e-23
1.255114398190926295e-06,1.236653779379537355e-09,9.999996423721313477e-01
4.817609089435848091e-10,1.212577401769193708e-13,1.000000000000000000e+00
1.090067411335660097e-10,6.940711472225302714e-08,1.000000000000000000e+00
1.000000000000000000e+00,2.372178675713598750e-09,6.656976303531791928e-09
1.000000000000000000e+00,5.411024343979393969e-15,1.466463506183401933e-09
1.000000000000000000e+00,3.628906664098277557e-14,2.988134642067236113e-13
1.000000000000000000e+00,1.419009108885477118e-18,1.087167515719833532e-16
1.000000000000000000e+00,3.418577858910665148e-16,9.835463606749916821e-13
1.000000000000000000e+00,9.968142694869924535e-27,1.891829786321427072e-19
1.000000000000000000e+00,2.179822560858233650e-15,4.235446195155478932e-12
1.000000000000000000e+00,2.253131015095277689e-11,1.129328519589023472e-09
1.000000000000000000e+00,6.264282983396013416e-14,1.296905811909443429e-11
1.000000000000000000e+00,3.872295053497509798e-07,7.034300225639000814e-11
9.999997615814208984e-01,2.122826003869704437e-08,5.383474785958242137e-07
9.999998807907104492e-01,3.329549258523911703e-07,5.420061199856718304e-08
9.999998807907104492e-01,2.729549919422424864e-08,1.492709600370289991e-07
9.999998807907104492e-01,5.935879343610395154e-08,4.223399230340874055e-07
1.000000000000000000e+00,3.596318620679994638e-08,9.958659319408980082e-08
1.000000000000000000e+00,1.594270937488317941e-09,1.682197270369556463e-09
1.000000000000000000e+00,3.478860255423654735e-10,5.712241790689631671e-10
1.000000000000000000e+00,4.202904215925900785e-15,1.058032439438250094e-09
1.000000000000000000e+00,3.056263722100993618e-07,1.322474396658890328e-08
1.000000000000000000e+00,2.218758163308187648e-11,4.071656748740049014e-13
1.000000000000000000e+00,7.783283351159298036e-09,8.085558000914261356e-09
1.000000000000000000e+00,4.025483418823583293e-11,4.538894433914197890e-12
1.000000000000000000e+00,3.198205078547289304e-08,2.472468736414157320e-07
1.000000000000000000e+00,5.958412097051279943e-10,3.669039294607046031e-09
9.999998807907104492e-01,5.456312379692462855e-08,7.276369160535978153e-07
9.999965429306030273e-01,7.285757419595029205e-07,1.260844874195754528e-05
1.000000000000000000e+00,3.687507937888412357e-11,1.951858258353311726e-10
1.000000000000000000e+00,3.687507937888412357e-11,1.951858258353311726e-10
1.000000000000000000e+00,7.874804324251027943e-13,1.103680081354641018e-11
1.000000000000000000e+00,4.205675807611441996e-09,2.172459403482207563e-07
1.000000000000000000e+00,3.627181850907783625e-15,4.091656484114802872e-13
1.000000000000000000e+00,3.874364276124954432e-15,1.185487580497579518e-12
1.000000000000000000e+00,1.778815674402176028e-13,1.223749747369939911e-11
1.000000000000000000e+00,6.411964871815695188e-15,2.503088339898817960e-13
1.000000000000000000e+00,5.071369955481931906e-16,1.885976455302112997e-14
1.938167542903102003e-06,9.999996423721313477e-01,5.780639753538707737e-07
9.998188614845275879e-01,1.968281285371631384e-04,6.152092828415334225e-05
9.999988079071044922e-01,2.545152995026001008e-07,1.308474793404457159e-06
9.999983310699462891e-01,4.657738941205025185e-07,1.614519533177372068e-06
1.000000000000000000e+00,1.519172565522808327e-10,1.743230804152062774e-08
1.000000000000000000e+00,9.547555481674921407e-14,7.687273734235944289e-11
1.000000000000000000e+00,9.242122692154630670e-12,5.640116601838759958e-14
1.000000000000000000e+00,5.183006801523504237e-12,3.044106131485478317e-18
1.000000000000000000e+00,7.383501952062943019e-07,2.110264879506829061e-10
1.000000000000000000e+00,3.002308845978518548e-09,2.120232734227709553e-15
1.000000000000000000e+00,9.223338759412058607e-11,8.648428903051183226e-18
1.000000000000000000e+00,9.240268055918376966e-13,1.317789464789359544e-14
3.521024805053230011e-09,1.000000000000000000e+00,2.808497575126911450e-12
1.000000000000000000e+00,1.045463182691719339e-08,6.215323936943628613e-13
9.999988079071044922e-01,3.917476533388253301e-06,8.254284580289095175e-07
1.000000000000000000e+00,1.993252318754912267e-08,1.793811499339881266e-08
9.999997615814208984e-01,3.797759973167558201e-08,9.327695948968539597e-08
1.000000000000000000e+00,1.703097246563700651e-10,1.136389315981034542e-10
1.000000000000000000e+00,3.415739642086829120e-14,3.676422230883269471e-13
1.000000000000000000e+00,1.504326817860275056e-20,2.025719527423653840e-15
1.000000000000000000e+00,2.848637234911387435e-15,1.685524143217945192e-13
1.000000000000000000e+00,2.098840408925033846e-14,2.638233381757615348e-12
1.000000000000000000e+00,8.856350548758218366e-12,6.279494613181668683e-08
1.000000000000000000e+00,5.069525702006139056e-11,5.625114596341518336e-08
1.000000000000000000e+00,3.421228578215362859e-11,6.565212783138374419e-14
1.000000000000000000e+00,2.405292187646068669e-09,2.104178810358181551e-11
1.000000000000000000e+00,3.886002305532321177e-13,1.864578391351219642e-16
1.000000000000000000e+00,4.513662013594377242e-11,1.089448355747618669e-13
1.000000000000000000e+00,3.039795637427289421e-10,2.020799499957703915e-11
1.000000000000000000e+00,3.729504926478650602e-17,5.533873706498049216e-11
9.999989271163940430e-01,3.495971741263037558e-12,9.614450391381978989e-06
9.999916553497314453e-01,4.675224772654473782e-06,4.528956196736544371e-06
1.000000000000000000e+00,2.891782340387442918e-14,4.914555040187599047e-15
1.000000000000000000e+00,3.974032474624022981e-12,1.119955941408876804e-14
1.000000000000000000e+00,1.022749254535847141e-13,7.618485642846094643e-17
1.000000000000000000e+00,4.222989416925032602e-13,3.629901172429965976e-19
1.000000000000000000e+00,1.881953037852213129e-09,9.701848970467691347e-14
1.000000000000000000e+00,8.772425494352198427e-12,9.208807868417274675e-17
1.000000000000000000e+00,3.534258869052859056e-17,1.341639218009914155e-22
1.000000000000000000e+00,5.643135736477233877e-08,3.963616327512520243e-12
1.000000000000000000e+00,1.301349306093158020e-10,1.321643489093915491e-10
1.000000000000000000e+00,3.904717803433765955e-13,9.269892575850804603e-16
1.000000000000000000e+00,5.916080613680568812e-14,3.172256389951614288e-20
1.000000000000000000e+00,8.199614320858472638e-09,1.877455981479092539e-14
1.000000000000000000e+00,1.854757698538378463e-07,2.504676674397465774e-11
1.000000000000000000e+00,2.124809883596867621e-09,1.054243227004841854e-13
1.000000000000000000e+00,1.826404916194235284e-09,1.975821875292087075e-15
2.395889563133746236e-11,1.000000000000000000e+00,3.461607736565674998e-12
1.300427430669937046e-12,1.000000000000000000e+00,1.140939218102765551e-10
5.708369540946556242e-12,1.000000000000000000e+00,7.355120956731298065e-09
1.000000000000000000e+00,1.633492630048749561e-08,1.291276791439213700e-13
1.000000000000000000e+00,7.116237554782856023e-08,1.025349510158646282e-12
1.000000000000000000e+00,2.302061830050661229e-07,1.887312598954429821e-13
1.000000000000000000e+00,1.822066941770117410e-08,1.873375586602943343e-13
1.000000000000000000e+00,1.514284349468653090e-06,5.323410046109700033e-10
1.000000000000000000e+00,2.732263659765976627e-08,3.363510099781141793e-13
1.000000000000000000e+00,1.177656372419733088e-08,1.699282858522166428e-12
1.000000000000000000e+00,5.200645816771931607e-11,7.898495544618155105e-17
1.000000000000000000e+00,1.578041519678663462e-06,5.187934803974059150e-11
9.999998807907104492e-01,6.977471116442757193e-07,7.385259959136192265e-09
9.999998807907104492e-01,1.021339585349778645e-06,1.553851269875394792e-08
1.000000000000000000e+00,1.222502845621420420e-07,3.988046004543832623e-10
1.000000000000000000e+00,1.510730642333531692e-16,2.769486707023330330e-14
9.999998807907104492e-01,8.502279769118104014e-09,7.980910368132754229e-07
1.000000000000000000e+00,1.234707625030750933e-08,5.059231367177119409e-10
1.000000000000000000e+00,3.572309786035229168e-15,5.397155704127409859e-13
1.000000000000000000e+00,2.654288648597881222e-16,1.276124063191719227e-12
1.000000000000000000e+00,1.061017118890623945e-13,3.047776961362380632e-11
1.000000000000000000e+00,4.651682486434628982e-20,4.115344302585855624e-15
1.000000000000000000e+00,1.525382486988746678e-07,1.548496086911654857e-08
1.000000000000000000e+00,1.550795580840258481e-08,2.388167885669645329e-09
1.000000000000000000e+00,4.205932047085525483e-09,1.185986975293928936e-09
1.000000000000000000e+00,1.316426190278718877e-09,3.138732607155247933e-09
1.000000000000000000e+00,4.310652723660268748e-09,1.313610287212441108e-08
9.999998807907104492e-01,1.285169730635971064e-07,5.510317979684487000e-09
1.000000000000000000e+00,8.430906146827954473e-12,8.592055018852295944e-13
2.011254895478487015e-03,9.989675283432006836e-01,1.520357909612357616e-03
4.402351351018296555e-06,9.997459053993225098e-01,6.679922080365940928e-05
1.000000000000000000e+00,4.083957477751809506e-11,4.976201672945990140e-09
1.000000000000000000e+00,1.453750856673929892e-12,1.989065238912076270e-21
1.000000000000000000e+00,7.406888470617989384e-12,1.413134712057503156e-14
1.000000000000000000e+00,1.511805979882707707e-12,1.238330616908501873e-15
1.000000000000000000e+00,6.654008507384068238e-12,1.836470937073477611e-14
1.000000000000000000e+00,5.420489612717460659e-10,4.281665300087666992e-11
1.000000000000000000e+00,4.990690172235190403e-07,4.615559046072803540e-10
1.000000000000000000e+00,7.667892987228697166e-09,9.187191074089620657e-14
1.000000000000000000e+00,1.453412856733393710e-08,2.481431130452876888e-13
1.000000000000000000e+00,3.362197276146616787e-08,2.051481651221820357e-09
9.999998807907104492e-01,2.019875637415680103e-06,3.357402134085418766e-09
9.999998807907104492e-01,1.253865434591716621e-06,2.611393323803667954e-09
1.000000000000000000e+00,5.031425303059222642e-07,2.809771187418930172e-13
1.000000000000000000e+00,1.545748085085563162e-09,6.177883505193706645e-16
1.000000000000000000e+00,9.839507680853287752e-11,2.788704042299870126e-16
1.000000000000000000e+00,3.102161372225964442e-07,9.941232949686740206e-13
1.000000000000000000e+00,4.005183771443876495e-13,1.575920166932420763e-12
1.000000000000000000e+00,6.622137505019054515e-09,4.120301986426135044e-14
1.000000000000000000e+00,9.345662849356253972e-16,3.842014393803418193e-15
1.000000000000000000e+00,4.292475402900564063e-11,1.424526378755787436e-16
1.000000000000000000e+00,3.207231359518794458e-17,1.621605038285077964e-17
9.999961853027343750e-01,1.334868138656020164e-04,2.569756496484387753e-08
1.000000000000000000e+00,2.886170252444641982e-12,3.148237870552916991e-15
1.000000000000000000e+00,3.584048329230427044e-07,1.642330477343023620e-12
1.000000000000000000e+00,2.603896542829886585e-10,2.041225947830801503e-15
1.000000000000000000e+00,1.643425673325538128e-10,2.806887482212674178e-18
9.999959468841552734e-01,1.966838908629142679e-06,3.127170566585846245e-05
9.999859333038330078e-01,2.367453635088168085e-05,8.058200364757794887e-06
9.999998807907104492e-01,7.919386257881910751e-10,3.959838323908115854e-08
9.999656677246093750e-01,2.457418304402381182e-05,2.679865610843989998e-05
1.000000000000000000e+00,6.440862510004308206e-09,4.311320722649725212e-08
1.000000000000000000e+00,5.093734856131959532e-08,2.853579135139727718e-12
1.000000000000000000e+00,3.374482957951840945e-06,5.080604825735690611e-09
1.000000000000000000e+00,2.191733443623888888e-07,3.331466658096360334e-08
1.000000000000000000e+00,1.197009396984582974e-12,4.712954202248931246e-13
1.000000000000000000e+00,5.021769892282756942e-12,4.530545589295081887e-13
1.000000000000000000e+00,6.823648718686176409e-16,6.385035603309892446e-17
1.000000000000000000e+00,1.213677595923723374e-11,7.082576949782922598e-15
1.000000000000000000e+00,3.154477327000628981e-15,2.611174671582637335e-16
9.999992847442626953e-01,4.652389691273128847e-07,6.216276204895621049e-08
1.000000000000000000e+00,3.237094370334148152e-09,1.025784804320473143e-10
9.999858140945434570e-01,5.525511369341984391e-05,2.377986675128340721e-06
1.000000000000000000e+00,1.157515110237344880e-13,1.255631102564658264e-11
1.000000000000000000e+00,3.626356251140778763e-20,1.265476872597259828e-11
1.000000000000000000e+00,5.207435386818347373e-26,8.268881320763407650e-15
1.000000000000000000e+00,2.209248984607734962e-29,1.824793121469787146e-16
1.000000000000000000e+00,2.561715623699070687e-16,1.743272437690743786e-21
1.000000000000000000e+00,6.997899489562383821e-15,1.035469626708973578e-11
1.000000000000000000e+00,7.209382228909864444e-16,4.124528843463259875e-12
1.000000000000000000e+00,1.397995619399333142e-18,1.528979894083182245e-11
1.000000000000000000e+00,7.009542143769642575e-13,1.804513760639281372e-09
9.999977350234985352e-01,2.128574205784161677e-09,4.663344498112564906e-06
9.999979734420776367e-01,1.148351884694420733e-07,8.920899745135102421e-06
1.000000000000000000e+00,4.587853968257560311e-12,2.713933300313442487e-09
1.000000000000000000e+00,1.282533759194848244e-07,8.855016546405192202e-12
1.000000000000000000e+00,8.109257015886939257e-11,5.004459069368749624e-10
1.000000000000000000e+00,1.217184664170645192e-08,1.683005876884635654e-07
1.000000000000000000e+00,5.160791223723568393e-16,1.261275865946894013e-16
1.000000000000000000e+00,1.452241191884917626e-11,9.314404421926814103e-18
1.000000000000000000e+00,2.382126071918955201e-13,3.643999018404860365e-18
1.000000000000000000e+00,1.716971183285398439e-11,3.655190410201184838e-19
9.999998807907104492e-01,5.877033304457768281e-10,2.343520009162602946e-07
1.000000000000000000e+00,1.631596940887547476e-11,3.017259674512340096e-19
1.000000000000000000e+00,7.683333969055183843e-10,5.237944278515410407e-16
1.000000000000000000e+00,5.087887888777231638e-09,8.607005861879010039e-15
9.999914169311523438e-01,5.049191287298526731e-08,2.907038106059189886e-05
1.000000000000000000e+00,1.122080472981679122e-08,2.723500074353069067e-06
9.999997615814208984e-01,9.295300884559765109e-08,1.795795583348080982e-06
1.000000000000000000e+00,1.304824026604478604e-10,5.521515980300454804e-15
1.000000000000000000e+00,9.668446598887214805e-11,7.634404397549587884e-08
1.728229224681854248e-03,9.329217076301574707e-01,3.134215250611305237e-02
1.865258809630176984e-07,9.996973276138305664e-01,1.605632714927196503e-04
1.176077220588922501e-02,8.987463116645812988e-01,2.602781727910041809e-02
6.394522245045664022e-08,9.999682903289794922e-01,4.167309089098125696e-05
1.044827804435044527e-04,9.971910119056701660e-01,2.346256660530343652e-04
1.625670302018988878e-05,9.999967813491821289e-01,6.144065167745793588e-08
3.919369578361511230e-01,9.580498933792114258e-01,8.356529870070517063e-04
2.188628315925598145e-01,6.620290279388427734e-01,2.052839845418930054e-01
1.203633946715854108e-04,9.999821186065673828e-01,6.448751150855969172e-07
4.218860864639282227e-01,5.884064435958862305e-01,2.607060968875885010e-01
2.934916615486145020e-01,9.013333916664123535e-01,1.115760020911693573e-02
4.083674502908252180e-05,9.999288320541381836e-01,1.394680202793097124e-05
9.999997615814208984e-01,4.444273599801817909e-06,5.444583894842480731e-09
1.000000000000000000e+00,3.070192633458646014e-07,2.091269379889126867e-09
1.000000000000000000e+00,5.698396364961413191e-15,6.089035053946645348e-08
1.000000000000000000e+00,3.815795335954108580e-12,3.119889235847495002e-09
9.999998807907104492e-01,1.399624466102977749e-06,3.463316966545448850e-09
1.000000000000000000e+00,6.596446056050808693e-09,1.100097660536314415e-13
9.999998807907104492e-01,2.283028379679308273e-06,3.647798507699917536e-09
1.000000000000000000e+00,4.772315520540360012e-08,9.874486211342015096e-13
9.999997615814208984e-01,1.813818499840635923e-07,1.939375522397313034e-07
1.000000000000000000e+00,1.665878358559651673e-16,8.937577330794607027e-17
1.000000000000000000e+00,3.020434458100851316e-10,5.208631919870199134e-13
1.000000000000000000e+00,3.500620474918003655e-13,1.683093112072513251e-16
1.000000000000000000e+00,3.697635600485860152e-11,4.714516266528939736e-14
1.000000000000000000e+00,2.360239087506599276e-11,7.801035377841703672e-15
1.000000000000000000e+00,8.367736086256627459e-07,5.841051642363481733e-09
1.000000000000000000e+00,8.820960997225901767e-13,4.818853022642071923e-16
1.000000000000000000e+00,1.810294806853934846e-13,5.100415668155347526e-15
9.999997615814208984e-01,8.028624165490327869e-08,1.354194312241929765e-09
1.000000000000000000e+00,3.652515442875703400e-11,9.104415138461163792e-11
1.000000000000000000e+00,1.474723799023761051e-13,2.780965561999249047e-12
1.000000000000000000e+00,3.130772585624441717e-10,8.639222150164105329e-12
1.000000000000000000e+00,4.368214956418370321e-10,1.001715745942155511e-12
1.000000000000000000e+00,1.426582051274050134e-12,2.638124094178628809e-11
1.000000000000000000e+00,1.618808753711675763e-09,2.871864079878605480e-09
1.000000000000000000e+00,3.805538550949449927e-09,1.544399407893502080e-15
1.000000000000000000e+00,5.084913393127443726e-11,2.806423982093519953e-09
9.999989271163940430e-01,5.338532282905816828e-09,1.105064620787743479e-05
1.000000000000000000e+00,5.436383010426482087e-10,1.628214008064787777e-08
1.000000000000000000e+00,3.067716913829343639e-11,9.482693519302642926e-10
9.999996423721313477e-01,4.744597248418358504e-08,7.696298780501820147e-07
9.999996423721313477e-01,8.570928855533566093e-08,1.658621506805957324e-08
1.000000000000000000e+00,1.642989216898982363e-11,1.413211103695743986e-09
1.000000000000000000e+00,1.864068344126224019e-10,6.886605774525378365e-07
1.000000000000000000e+00,1.858532772125442989e-11,1.000327376488030495e-09
1.000000000000000000e+00,1.018809689390387518e-11,1.131625850803175126e-07
1.000000000000000000e+00,1.059539869036063564e-11,2.682257471686710915e-10
1.000000000000000000e+00,4.923593199812614785e-10,2.343196303655759039e-09
1.000000000000000000e+00,1.105839735002233943e-15,7.530565580837755846e-12
1.000000000000000000e+00,1.072209795314983324e-14,8.342322465422144506e-15
9.999998807907104492e-01,6.917352246560426465e-10,1.031471583701204509e-06
1.000000000000000000e+00,4.701386155381293008e-11,5.688609761023144529e-08
1.000000000000000000e+00,1.211114266652657534e-07,2.940559948316767702e-11
1.000000000000000000e+00,3.860467501226594322e-11,3.174982055043074070e-07
1.000000000000000000e+00,8.174475853162110894e-12,5.812090364543109899e-09
1.000000000000000000e+00,2.122020426043036423e-08,2.136093900503496790e-13
1.000000000000000000e+00,6.359413551315640234e-10,7.318387229560130436e-09
1.000000000000000000e+00,1.008150377415639731e-12,3.483755728339588131e-09
1.000000000000000000e+00,3.506137788794322561e-18,5.146479596651598598e-12
1.000000000000000000e+00,1.996035003948293252e-10,9.472972536603285754e-13
1.000000000000000000e+00,3.654858637958113832e-10,2.426821764378583879e-13
3.192099313764629187e-07,9.999994039535522461e-01,4.729941238679202797e-08
1.939885976298683090e-07,9.999996423721313477e-01,1.297452598691961612e-07
6.104749627411365509e-05,9.999713897705078125e-01,2.269638343932456337e-06
1.424019341357052326e-03,9.995417594909667969e-01,5.577859701588749886e-05
1.071365363354447136e-18,1.000000000000000000e+00,2.137375866573254513e-11
7.192301599792959756e-22,1.000000000000000000e+00,1.329654810734715031e-12
6.608423184428395877e-35,1.000000000000000000e+00,5.389899839935384495e-33
2.109812236028574262e-08,1.000000000000000000e+00,2.450006642007451774e-09
1.661755675286258338e-07,9.999997615814208984e-01,7.169735916079389426e-09
5.765454163450523233e-16,1.000000000000000000e+00,4.451540708854654057e-18
9.866150431359077544e-12,1.000000000000000000e+00,1.097902602165135022e-10
1.662045402124427956e-15,1.000000000000000000e+00,1.217235446645590735e-16
1.925775684752384365e-11,1.000000000000000000e+00,1.851937589283751684e-14
9.928958633054207894e-08,1.000000000000000000e+00,1.046729591891448763e-09
9.408638845798122929e-08,1.000000000000000000e+00,1.194513932212259988e-09
6.927843060111626983e-05,9.999926090240478516e-01,1.856307426351122558e-05
1.000000000000000000e+00,5.870291808207639406e-09,1.076406335348860030e-14
1.000000000000000000e+00,6.030683730173791446e-10,3.482044661219890584e-15
1.000000000000000000e+00,5.620772597358936196e-11,1.909940076171121222e-15
1.000000000000000000e+00,1.751076644795901416e-10,1.695898926746018187e-16
1.000000000000000000e+00,7.550793270638678223e-07,5.473085873397565138e-11
1.000000000000000000e+00,5.616076350634102710e-07,2.401736969026568858e-11
9.999996423721313477e-01,7.340208867390174419e-06,3.480834820379641315e-08
1.000000000000000000e+00,5.252361390262194618e-08,1.951893507934343575e-12
1.000000000000000000e+00,1.965271044859773220e-12,2.562768285474799545e-18
9.999939203262329102e-01,1.807265562092652544e-06,2.064752879959996790e-05
1.000000000000000000e+00,7.522834577500248088e-10,2.609730745105364770e-16
1.000000000000000000e+00,3.459179254150512861e-08,3.858772242709695988e-12
9.999941587448120117e-01,1.912618927235598676e-06,2.080603371723555028e-05
1.000000000000000000e+00,7.052896600079350264e-10,5.900409494330460802e-09
1.000000000000000000e+00,4.520606111668712401e-11,1.404028537876911287e-08
1.000000000000000000e+00,6.837525745595485205e-08,4.889764149140773952e-09
1.000000000000000000e+00,6.325677315288658065e-09,7.699838544539261420e-10
1.000000000000000000e+00,1.323567033750805422e-08,1.316625085866218736e-12
1.000000000000000000e+00,2.233358564751597442e-08,2.491840900287201066e-10
9.999997615814208984e-01,1.944712494150735438e-06,5.760319776726419150e-09
1.000000000000000000e+00,5.706257866222586017e-07,5.163068583780017207e-11
6.327565188257722184e-06,7.900805030658375472e-06,9.999963045120239258e-01
5.610559217737731696e-13,2.621382555467732800e-10,1.000000000000000000e+00
6.475315839082895764e-09,4.971811904397327453e-07,9.999934434890747070e-01
1.350589445792138577e-04,1.583341145305894315e-05,9.999698400497436523e-01
4.513856023550033569e-02,1.441755983978509903e-02,9.768100976943969727e-01
5.175193073228001595e-04,2.657918884985122077e-10,9.999947547912597656e-01
3.109633939235578737e-10,1.385418429283857833e-11,1.000000000000000000e+00
5.182315021556860302e-08,6.007092046012019182e-10,1.000000000000000000e+00
3.686240646061378357e-08,1.094867307876570318e-23,1.000000000000000000e+00
3.479480881196650444e-08,1.514543878782952145e-17,1.000000000000000000e+00
7.617023587226867676e-02,9.931336641311645508e-01,1.695143437245860696e-04
1.193962016259320080e-04,9.999998807907104492e-01,1.411775030213391346e-09
2.023313427912398765e-08,1.000000000000000000e+00,4.177358459145352754e-09
5.665392973353217955e-20,1.000000000000000000e+00,1.271687560996510796e-23
1.000000000000000000e+00,2.831222332133620512e-07,1.678062934917443072e-13
1.000000000000000000e+00,4.490441654070309596e-07,1.489626477724215192e-11
1.000000000000000000e+00,5.778214529073011363e-08,6.870393837177246610e-11
1.000000000000000000e+00,1.325317078304522056e-09,4.944322319052956924e-15
1.000000000000000000e+00,3.209006615989551392e-09,3.032222639209186665e-13
1.000000000000000000e+00,7.104444121755829067e-14,3.292443154592240850e-14
1.000000000000000000e+00,5.373551538630227942e-13,4.549119327762474185e-13
1.000000000000000000e+00,2.486887432096018813e-11,5.201882909577242638e-16
9.999998807907104492e-01,2.726469894298588770e-08,7.225793297038762830e-08
9.999996423721313477e-01,1.759829948433377922e-09,1.509275762145989574e-06
1.000000000000000000e+00,7.756271003245274187e-08,1.021050266558631847e-08
9.999938011169433594e-01,1.313849224970908836e-06,1.210422033182112500e-05
8.759873988937282247e-22,1.000000000000000000e+00,9.206842956488742042e-24
2.526404753662720749e-20,1.000000000000000000e+00,1.233578400640098415e-22
2.848731943782802306e-17,1.000000000000000000e+00,6.764330548540884126e-22
4.356084566998046170e-21,1.000000000000000000e+00,2.677608482486334183e-23
6.003993746617197758e-08,1.000000000000000000e+00,1.886823142172033840e-09
1.994566313102980683e-21,1.000000000000000000e+00,1.990307896786191100e-23
4.695551283543210677e-15,1.000000000000000000e+00,1.621154357200134573e-16
4.303464974826519835e-20,1.000000000000000000e+00,1.563391047693416622e-23
1.000000000000000000e+00,1.476364031027799228e-10,1.103456410446457259e-12
1.000000000000000000e+00,8.161431599984503293e-13,3.503948721477649977e-16
1.000000000000000000e+00,1.483281206193787227e-11,2.201765415224977290e-14
1.000000000000000000e+00,2.304858526258612983e-09,1.347599948298139338e-10
1.000000000000000000e+00,1.144297642752256650e-10,2.551987961230128832e-11
1.000000000000000000e+00,4.931603569957587752e-09,2.544819632799288911e-10
1.000000000000000000e+00,5.025801996794143633e-09,2.895375328382243652e-10
3.489429665354260024e-12,1.000000000000000000e+00,9.427871764400918100e-17
1.000000000000000000e+00,7.651263511654349259e-10,3.386507393954296674e-11
1.000000000000000000e+00,1.420341760871579595e-10,3.114460729244927784e-13
1.000000000000000000e+00,2.588435889239182330e-11,4.724364210386897134e-14
1.000000000000000000e+00,2.776271226800908209e-11,5.349812661013114701e-14
1.000000000000000000e+00,3.397055969855955482e-09,1.813055122701356936e-10
1.000000000000000000e+00,2.037891787922392161e-19,9.995452274029481554e-14
1.000000000000000000e+00,1.468149396102551556e-15,3.007438048596711155e-13
1.000000000000000000e+00,4.505803674320071417e-17,7.115907797901332987e-13
1.000000000000000000e+00,8.269846534659138626e-18,7.127925907932791683e-14
1.000000000000000000e+00,4.006033589011944894e-16,1.869399275135352756e-13
1.000000000000000000e+00,3.873233151718631550e-19,1.744772945913575235e-13
1.000000000000000000e+00,2.523000905418903983e-12,1.458641540885707855e-09
1.000000000000000000e+00,5.080209690422332613e-12,7.379000882545838635e-11
1.000000000000000000e+00,6.013745990070360359e-16,1.588715131672913117e-10
9.999775886535644531e-01,7.839222462280304171e-07,6.824146112194284797e-05
1.000000000000000000e+00,2.347517238376894966e-07,8.547380025980544360e-10
9.999965429306030273e-01,8.537945350717279780e-10,1.991258613998070359e-05
1.000000000000000000e+00,2.600784310136106114e-10,3.925120495296141598e-08
1.000000000000000000e+00,1.146618466840720885e-09,9.676888339527067728e-07
1.000000000000000000e+00,4.766429739788691222e-08,9.685759139177463339e-11
1.000000000000000000e+00,1.033646672215452617e-14,2.241768070818366682e-14
9.999994039535522461e-01,2.008900956695924833e-08,1.411750054103322327e-05
9.998495578765869141e-01,5.063448334112763405e-04,4.155974238528870046e-05
1.000000000000000000e+00,5.926669745248691612e-12,3.707684325849565665e-19
9.999998807907104492e-01,1.684676065316637050e-09,7.436445343955710996e-07
1.000000000000000000e+00,3.445865467965880669e-11,2.707734574685055455e-16
1.000000000000000000e+00,2.911613821137554181e-13,5.062093677565826511e-08
1.000000000000000000e+00,5.787769569165490680e-11,2.961150421240189064e-17
1.000000000000000000e+00,4.903766628872041622e-12,1.144146022369341154e-08
9.985246062278747559e-01,6.100917817093431950e-04,1.649966114200651646e-03
9.997106194496154785e-01,1.484938934481760953e-06,2.055042656138539314e-03
1.466605564392331365e-21,1.000000000000000000e+00,4.968844253192451966e-23
1.000000000000000000e+00,2.342093985419069213e-08,1.006237454470593207e-11
9.999953508377075195e-01,1.496625827712705359e-05,3.021376414835685864e-06
9.999952316284179688e-01,1.907780422527594055e-08,7.724484930804464966e-06
1.000000000000000000e+00,3.926945032171891281e-13,5.577635141945647135e-12
9.999997615814208984e-01,2.134303400680437335e-08,1.851413685471925419e-06
3.213660171308418967e-10,1.000000000000000000e+00,2.382547343490574332e-18
9.978935122489929199e-01,7.847915985621511936e-04,2.557085826992988586e-03
1.000000000000000000e+00,8.353290326112983166e-08,1.529168610313325072e-12
1.000000000000000000e+00,1.344708198958155521e-11,1.999508469907596009e-08
1.000000000000000000e+00,3.183766455767261805e-13,1.087676389927016984e-11
9.996577501296997070e-01,3.190149727743119001e-04,2.065029839286580682e-04
9.999997615814208984e-01,5.815492158944834955e-07,4.900354255710226425e-08
9.999996423721313477e-01,6.775018391635967419e-06,1.315723974215643466e-08
1.000000000000000000e+00,2.862856840479821585e-09,1.569598850892361952e-07
9.999996423721313477e-01,7.908455472716013901e-07,1.136738774221157655e-07
1.000000000000000000e+00,6.202682117928404182e-11,2.610852679885145022e-11
1.000000000000000000e+00,7.482905267641726255e-11,7.391263601164155261e-09
1.000000000000000000e+00,1.455063584100419870e-15,1.786365673439593849e-11
9.999991655349731445e-01,1.926289350251408905e-08,4.746887952933320776e-06
9.999998807907104492e-01,1.856905740282854822e-08,9.545381374209682690e-08
6.610379443827696377e-08,9.999843835830688477e-01,7.141804871935164556e-06
1.000000000000000000e+00,1.044207580645772904e-12,2.327847810346117541e-11
1.000000000000000000e+00,9.824066005137410684e-09,3.238120882542716572e-08
1.000000000000000000e+00,1.770294848213449512e-11,1.217029602096353358e-11
9.999996423721313477e-01,1.403720034431898966e-06,1.536805172008826048e-07
9.999971389770507812e-01,2.667185526661342010e-06,3.257330405403990881e-08
1.000000000000000000e+00,6.269582630835657255e-09,1.530459925458416137e-10
9.989142417907714844e-01,1.122337998822331429e-03,4.997950236429460347e-05
1.000000000000000000e+00,6.999312063271645457e-08,3.150562122300470946e-08
1.000000000000000000e+00,1.448604014520071814e-10,1.624620021845046836e-10
4.091954609929923930e-31,1.000000000000000000e+00,3.016968054176389722e-29
9.999989271163940430e-01,5.158740350452717394e-07,4.428925493016322434e-08
1.000000000000000000e+00,1.495025436781816097e-08,8.942077633911083012e-10
1.034774045963193778e-12,1.000000000000000000e+00,5.237749185651834061e-14
2.650535613213378383e-08,9.999998807907104492e-01,2.302570401013781520e-08
9.999998807907104492e-01,2.017235711804232778e-09,1.225962591888674069e-06
1.000000000000000000e+00,7.635056142873963836e-09,2.239704116613339124e-10
9.999995231628417969e-01,6.405034582712687552e-06,1.931182147529852955e-08
1.000000000000000000e+00,2.033461399264524516e-08,4.298696121285416893e-10
9.999965429306030273e-01,1.706414423097157851e-07,2.190488885389640927e-05
3.966904582597408080e-09,1.000000000000000000e+00,4.815719187369856719e-20
1.000000000000000000e+00,3.186395591825430529e-10,1.478998520876295686e-11
1.000000000000000000e+00,1.189808061102803904e-11,5.271407225657109841e-13
9.798728227615356445e-01,3.374682739377021790e-03,3.399536758661270142e-02
1.000000000000000000e+00,4.264708142187600970e-09,8.667433437636873350e-11
6.232326654753705952e-07,1.000000000000000000e+00,3.338091115372490703e-14
1.000000000000000000e+00,2.726859536783532434e-12,9.755439789316255883e-10
2.033897544606588781e-06,9.999995231628417969e-01,4.606539789620001102e-07
9.999986886978149414e-01,1.350335992356122006e-06,7.940370210235414561e-07
1.000000000000000000e+00,1.789909020999402856e-07,6.398090945936019125e-10
1.000000000000000000e+00,3.341393784925261734e-12,1.072253830863845181e-12
8.961222483776509762e-04,9.998084902763366699e-01,4.520782022154890001e-05
1.420951187610626221e-01,8.929169178009033203e-01,1.027056202292442322e-01
1.175821995325065927e-09,1.000000000000000000e+00,2.126901276672435287e-21
1.000000000000000000e+00,1.232732025588682487e-14,3.991891261989621853e-09
1.000000000000000000e+00,1.565466978270535492e-09,1.494578419358738586e-11
1.000000000000000000e+00,6.696053623687567291e-14,6.354423931487218624e-12
1.000000000000000000e+00,6.243267014482967170e-10,7.448380020397271650e-13
9.999998807907104492e-01,8.700661737748305313e-07,4.174883372343174415e-08
1.000000000000000000e+00,9.037882647740070846e-20,3.294915338833415142e-12
9.999992847442626953e-01,8.478423296764958650e-06,1.261172766220397534e-08
1.000000000000000000e+00,1.007145211673332597e-08,9.990812799287596135e-08
1.000000000000000000e+00,1.375218050547744042e-09,1.222563383862507180e-07
9.999096393585205078e-01,1.560555538162589073e-04,5.463140405481681228e-05
1.000000000000000000e+00,8.100094484042585918e-10,3.479868893041526690e-10
9.999949932098388672e-01,1.315200108820135938e-07,2.918424115705420263e-06
1.000000000000000000e+00,1.967432466942753422e-11,1.380693909897034999e-11
1.000000000000000000e+00,1.185146859122854224e-11,1.507513384957359648e-11
1.000000000000000000e+00,2.213091238045805653e-10,2.022961069769735332e-07
1.000000000000000000e+00,6.615092588285742536e-13,1.935541657505090996e-11
9.999961853027343750e-01,8.973489684649393894e-08,3.130458708255901001e-06
1.000000000000000000e+00,4.700570488402888714e-11,3.794568131931796984e-11
9.999909400939941406e-01,8.123515726765617728e-06,1.599907045601867139e-05
2.390961199998855591e-01,8.845857381820678711e-01,8.036231249570846558e-02
9.999985694885253906e-01,1.262948535440955311e-05,7.267144155775895342e-06
9.999978542327880859e-01,1.178260504275385756e-06,1.436338379789958708e-06
1.000000000000000000e+00,2.278412354617120883e-11,4.382190443852351791e-11
1.000000000000000000e+00,7.837131499321969841e-10,2.257359403567971157e-11
1.000000000000000000e+00,1.057841192420028165e-08,3.964287564883761661e-09
1.304089667546903284e-33,1.000000000000000000e+00,7.515117586431261493e-33
1.000000000000000000e+00,9.665220013221897943e-11,7.120337386368191801e-08
9.978495836257934570e-01,1.040767529048025608e-03,2.030317438766360283e-03
1.000000000000000000e+00,1.310728858783249962e-09,1.842301138033075603e-11
1.000000000000000000e+00,7.460167466416534054e-13,1.475897962871508540e-12
9.994997978210449219e-01,4.513446037890389562e-05,2.152563771232962608e-03
1.000000000000000000e+00,7.210166491633529517e-12,8.403443685269657015e-14
9.998449087142944336e-01,4.651002236641943455e-04,3.688962169690057635e-05
9.999974966049194336e-01,5.310143478709505871e-06,8.127740329655352980e-07
9.999992847442626953e-01,1.421528486389433965e-05,2.610423521787197387e-08
9.999942779541015625e-01,2.959961875603767112e-07,7.091318366292398423e-06
1.000000000000000000e+00,4.113491058888030238e-08,9.415008328517160408e-09
9.999994039535522461e-01,1.020200556922645774e-06,4.388110710351611488e-07
2.214044518768787384e-02,9.920184016227722168e-01,1.302591641433537006e-03
9.999977350234985352e-01,1.668194187232074910e-07,1.985168864848674275e-06
9.999998807907104492e-01,4.929184456159418914e-07,1.410101990728662713e-08
1.000000000000000000e+00,1.045381395670119673e-06,3.056089409314566296e-11
9.999996423721313477e-01,9.819541446631774306e-07,8.216854752163271769e-08
1.000000000000000000e+00,4.305681144955997297e-09,2.840033243300954524e-11
9.999949932098388672e-01,1.747145688568707556e-05,1.141022949013859034e-06
1.000000000000000000e+00,1.490744807597366162e-07,1.986087205807507416e-08
9.999998807907104492e-01,5.135571541359240655e-07,3.072529253245193104e-08
9.999970197677612305e-01,3.477402515272842720e-06,2.492025032552191988e-06
1.000000000000000000e+00,8.699085469743295107e-07,6.530833651652301342e-09
1.000000000000000000e+00,2.875033366933621437e-08,3.427776507081148338e-09
9.998716115951538086e-01,3.185655077686533332e-05,2.972975780721753836e-04
1.000000000000000000e+00,1.391373594117339962e-08,1.047408132448524043e-10
9.991612434387207031e-01,3.928266000002622604e-03,3.521591715980321169e-04
1.000000000000000000e+00,5.313471440615558095e-09,1.089598078429787620e-09
1.193316711578518152e-05,9.999753236770629883e-01,1.341565469825667378e-10
7.821136591701360885e-07,9.999804496765136719e-01,9.784666872292291373e-06
9.999996423721313477e-01,5.126426003698725253e-07,5.649893637382774614e-07
1.000000000000000000e+00,7.866972140391226276e-08,2.281877620191608003e-08
1.000000000000000000e+00,2.237498897272871545e-08,4.212386461779210611e-13
1.000000000000000000e+00,1.057917931035490255e-08,3.039287266304313562e-09
1.000000000000000000e+00,4.949964829031091446e-15,5.539359118969522378e-13
1.000000000000000000e+00,2.524718411223147996e-06,6.331649093915814319e-10
1.000000000000000000e+00,6.490638755629607459e-12,6.571583988784768238e-12
1.000000000000000000e+00,3.396963543789155437e-10,5.318507856344467655e-10
9.999996423721313477e-01,4.259634067693696124e-07,4.842533485316380393e-08
9.999997615814208984e-01,4.159297262162908737e-08,2.000772292376495898e-05
2.378716317252838053e-07,9.999994039535522461e-01,1.289134701210059575e-07
1.000000000000000000e+00,4.273627141060387657e-08,7.552887204553826450e-09
1.549075818729761522e-06,9.999798536300659180e-01,2.664259454832063057e-06
1.000000000000000000e+00,1.877872858318699334e-20,1.415583484308015338e-15
1.000000000000000000e+00,2.250044090932809548e-14,2.947416269383218435e-11
1.000000000000000000e+00,1.736154284031309059e-14,2.973895088520528418e-11
2.282022871077060699e-02,7.633010149002075195e-01,4.243347421288490295e-02
9.999988079071044922e-01,4.533428182185161859e-06,7.160541031225875486e-07
9.969049096107482910e-01,1.177546528197126463e-05,1.585252396762371063e-02
9.999934434890747070e-01,4.828717692362261005e-08,1.400514065608149394e-05
9.999811649322509766e-01,8.310498378705233335e-05,7.414633955704630353e-07
1.000000000000000000e+00,1.808545934539607103e-12,4.885051738123813436e-11
9.999740123748779297e-01,3.457554909047644287e-09,1.552064204588532448e-04
1.000000000000000000e+00,4.178993862069546594e-08,1.124312665537474665e-12
3.113568254775600508e-06,1.000000000000000000e+00,9.357878916205208952e-09
1.327179343206807971e-04,9.806863665580749512e-01,4.446391016244888306e-03
1.000000000000000000e+00,2.264587692479835823e-06,2.704006185627605419e-10
3.504035703372210264e-05,9.999961853027343750e-01,7.108618319762172177e-06
9.999877214431762695e-01,8.112709224405989517e-07,5.214077100390568376e-05
1.000000000000000000e+00,4.667896971732865552e-11,5.323973439885776315e-08
9.994657635688781738e-01,1.033890839607920498e-07,2.984099788591265678e-03
9.999998807907104492e-01,7.816909601388033479e-06,1.140757044382212371e-09
1.000000000000000000e+00,2.697588517581311907e-13,8.000845319600102812e-09
1.056674495339393616e-01,5.230224728584289551e-01,2.298247218132019043e-01
9.999985694885253906e-01,4.123246810650016414e-08,5.361545731830119621e-07
2.543866095550129103e-08,9.999998807907104492e-01,1.353768830369972420e-08
9.990590214729309082e-01,2.847151279183890438e-07,4.487210884690284729e-03
9.999991655349731445e-01,6.936354157716095870e-09,3.375033202246413566e-06
1.000000000000000000e+00,1.531782894970135089e-10,1.215248204289309797e-07
9.999740123748779297e-01,1.284157915506511927e-04,1.011994868349574972e-06
1.000000000000000000e+00,1.166110113728388080e-18,7.319865500780571143e-17
2.675325294632102668e-09,9.999871253967285156e-01,9.791547199711203575e-06
9.999998807907104492e-01,1.024721996145672165e-08,5.569206678046612069e-06
9.999388456344604492e-01,7.529227877967059612e-05,6.110574031481519341e-05
3.616038668496912578e-08,1.000000000000000000e+00,1.564685625510264799e-08
1.000000000000000000e+00,7.259813952255333991e-13,3.276264370910553225e-09
1.650823406862400589e-07,9.999998807907104492e-01,2.338933313694724347e-08
6.306705158110048615e-12,9.999997615814208984e-01,7.899274692135804798e-07
9.999995231628417969e-01,2.174602826698901481e-07,2.805229541991138831e-06
9.999966621398925781e-01,2.066175852633023169e-07,4.096944758202880621e-05
9.999991655349731445e-01,5.930729457759298384e-06,7.540928947946667904e-08
2.163287504686195462e-08,1.000000000000000000e+00,1.696794094119269403e-10
9.999536275863647461e-01,6.509442755486816168e-05,3.666610427899286151e-05
9.999996423721313477e-01,4.195721430733101442e-06,3.266127279744068801e-08
1.105974511972362961e-08,1.000000000000000000e+00,2.718601121998176495e-09
9.999997615814208984e-01,5.519353418748096374e-09,7.070115657370479312e-07
1.000000000000000000e+00,2.810698784827536656e-09,2.891577081942653393e-11
9.999907016754150391e-01,2.415213202766608447e-06,1.727293602016288787e-05
1.000000000000000000e+00,1.204193189607849490e-08,1.002877780820199405e-09
1.000000000000000000e+00,1.410697808568173173e-10,1.152405104676290648e-08
2.595376463432330638e-05,9.997130036354064941e-01,7.246403401950374246e-05
1.000000000000000000e+00,2.767195361741414672e-10,4.148668353298745615e-10
1.000000000000000000e+00,3.022696759558129997e-08,1.257452186820273710e-08
9.999963045120239258e-01,3.157258834107778966e-05,1.136443097493611276e-05
7.768871000735089183e-06,9.999912977218627930e-01,1.486796463723294437e-06
1.000000000000000000e+00,2.097156059921445603e-10,4.193026204024619119e-10
1.000000000000000000e+00,3.179662644292591267e-10,1.601497956471575890e-08
9.999985694885253906e-01,4.123246810650016414e-08,5.361545731830119621e-07
9.999965429306030273e-01,9.378031791129615158e-06,2.591038764876429923e-06
1.000000000000000000e+00,1.877917281245639818e-26,3.017931804254973122e-16
8.488504099659621716e-04,9.996873140335083008e-01,1.189995309687219560e-04
1.000000000000000000e+00,2.635907325743147567e-10,2.240535224018458393e-08
1.825946611688777921e-07,1.000000000000000000e+00,1.426473428267627241e-08
9.998961687088012695e-01,5.410335870692506433e-05,1.571388565935194492e-04
3.322489646961912513e-06,9.999961853027343750e-01,4.838324230149737559e-07
9.999854564666748047e-01,5.124641029397025704e-05,9.108593076234683394e-06
1.000000000000000000e+00,1.312300401679067363e-08,2.751253218302718295e-11
1.000000000000000000e+00,4.063204286919308572e-11,1.473796562220797135e-12
9.999945163726806641e-01,2.032653355854563415e-05,3.370690819792798720e-06
9.999998807907104492e-01,2.791657127687585671e-09,3.780736221870029112e-07
1.000000000000000000e+00,2.251893636839863433e-11,5.712051986961341754e-08
1.000000000000000000e+00,2.573037782838127896e-08,6.530435303631065835e-09
1.000000000000000000e+00,9.724901006008535020e-13,8.444544434375866881e-14
9.989521503448486328e-01,1.247809705091640353e-04,2.770189428701996803e-03
1.753961420547511807e-10,1.000000000000000000e+00,1.834019047741719532e-12
1.000000000000000000e+00,4.672596087829106182e-09,5.376271161594559089e-08
9.559083991916850209e-06,9.999998807907104492e-01,5.733116381634317804e-08
1.000000000000000000e+00,1.414714428504132426e-15,2.132105806807609895e-16
1.000000000000000000e+00,8.315031063861610949e-15,4.435449132544205808e-13
9.999876022338867188e-01,4.194126290713029448e-08,1.900608549476601183e-05
1.000000000000000000e+00,4.094670824628110495e-09,8.053715680467199434e-12
9.999986886978149414e-01,8.969091425115038874e-08,6.101019607740454376e-06
9.999949932098388672e-01,6.153529596986118122e-08,6.848397333669709042e-06
1.369258761405944824e-01,9.101646542549133301e-01,5.448545143008232117e-02
1.000000000000000000e+00,1.171046224400507096e-12,5.816997071203013070e-15
1.000000000000000000e+00,9.964787883731673901e-10,1.705412273622641806e-07
9.999998807907104492e-01,2.278467725602695282e-08,1.210966473763619433e-07
3.301628068164141894e-12,1.000000000000000000e+00,2.876075733126981504e-08
9.999952316284179688e-01,6.815962905193373444e-08,9.869640962278936058e-06
1.000000000000000000e+00,4.094670824628110495e-09,8.053715680467199434e-12
1.000000000000000000e+00,8.348627345000636524e-11,4.742425474546507758e-08
4.373012483119964600e-02,9.891114830970764160e-01,8.244062773883342743e-04
9.999997615814208984e-01,4.176460421945193957e-08,3.034122926237614593e-07
3.621183568611741066e-04,9.999341964721679688e-01,6.144136568764224648e-05
9.999912977218627930e-01,3.617223409690950575e-09,3.985334842582233250e-05
9.999997615814208984e-01,1.786915788670739857e-07,4.976793093192100059e-07
9.999974966049194336e-01,1.539113867465857766e-07,2.060956103377975523e-05
9.999985694885253906e-01,2.518955932728772495e-09,2.438875299048959278e-06
2.629587834235280752e-05,9.999974966049194336e-01,3.517527147778309882e-06
1.000000000000000000e+00,4.460920782073385382e-12,9.007506112518326447e-13
9.999998807907104492e-01,1.412346364304539748e-06,7.588670136726705095e-09
1.000000000000000000e+00,8.076833630778567134e-24,9.154899467634855514e-14
1.000000000000000000e+00,4.551602206248617222e-09,1.530313931130677929e-10
9.999972581863403320e-01,1.018691705212404486e-06,1.892112891255237628e-06
1.000000000000000000e+00,2.323328890385667478e-10,4.398591268994778147e-09
3.007961204275488853e-04,9.999554157257080078e-01,1.824500395741779357e-05
3.885241970419883728e-02,9.870162010192871094e-01,1.224134117364883423e-03
1.000000000000000000e+00,7.278851743564018761e-09,1.159198848021958383e-09
9.999988079071044922e-01,2.735706061685050372e-07,7.592313409077178221e-07
1.000000000000000000e+00,6.186789969220285457e-11,2.328390813488567801e-10
9.999965429306030273e-01,6.094692253100220114e-06,1.871077188297931571e-06
1.000000000000000000e+00,7.398227586108419018e-10,3.327190825075376779e-07
1.000000000000000000e+00,2.719737219214250364e-20,1.701849425272961014e-11
3.335556030464653307e-15,1.000000000000000000e+00,1.273772840330993088e-19
1.000000000000000000e+00,7.854048141020530949e-12,1.014698308016148687e-11
4.138360321521759033e-01,7.148680686950683594e-01,1.583210229873657227e-01
1.000000000000000000e+00,1.239341695935536336e-08,1.310517490082929726e-07
1.000000000000000000e+00,2.602517810038530268e-20,1.301097944661488981e-11
9.999961853027343750e-01,1.384920051350491121e-05,9.741667099660844542e-07
1.000000000000000000e+00,5.860116558675798615e-11,3.429420983303010928e-11
1.000000000000000000e+00,2.484653371936929034e-08,9.893598162946659613e-10
4.294830795867278679e-16,1.000000000000000000e+00,2.244726329074973383e-20
9.998068213462829590e-01,6.837186083430424333e-05,2.901259867940098047e-04
1.000000000000000000e+00,5.356714527004081605e-18,7.285295413814174559e-13
1.000000000000000000e+00,8.068141293948727366e-11,3.189355030075446962e-11
1.000000000000000000e+00,3.190137265463022231e-09,9.627065811201873657e-10
1.489869877696037292e-02,9.892066717147827148e-01,9.663985110819339752e-03
9.999918937683105469e-01,1.083718871086603031e-05,5.945430075371405110e-06
3.845276514965870597e-19,1.000000000000000000e+00,1.272772985765569616e-18
9.999996423721313477e-01,1.238127200764438385e-08,2.262506768602179363e-06
1.000000000000000000e+00,8.162087006269302947e-09,1.109595526571638402e-09
9.999965429306030273e-01,1.897055699373595417e-05,2.108524540744838305e-06
1.000000000000000000e+00,6.482120951112335661e-10,1.046928793657642132e-10
2.408941952580789803e-07,1.000000000000000000e+00,3.958126187919575045e-11
9.961057305335998535e-01,2.524396637454628944e-03,8.431546739302575588e-04
3.851702956580993487e-07,9.999995231628417969e-01,3.953277314394654240e-07
1.000000000000000000e+00,5.699538063730358317e-11,6.720280794070276897e-07
2.773756158092055557e-08,1.000000000000000000e+00,1.406310623508488789e-10
9.999971389770507812e-01,6.202099598340282682e-07,1.277502906305016950e-05
1.000000000000000000e+00,1.519670789218181134e-14,2.000984152213012469e-20
1.000000000000000000e+00,2.420047842677242045e-11,5.634601119020032911e-10
3.668234854590690017e-20,1.000000000000000000e+00,4.046634765034181319e-20
9.999948740005493164e-01,3.237047394577530213e-07,6.306263821898028255e-05
5.020556539947484964e-11,1.000000000000000000e+00,1.831628772264171090e-11
9.999209642410278320e-01,4.022273060400038958e-06,3.150621196255087852e-04
2.403588957117545111e-18,1.000000000000000000e+00,1.505310102964053325e-18
2.187735140323638916e-01,9.705331325531005859e-01,6.371490191668272018e-03
1.000000000000000000e+00,4.452753100861028129e-15,7.238441616930213485e-12
1.000000000000000000e+00,5.769976510472396569e-12,5.575170533567153086e-11
7.003690825513331220e-06,9.999945163726806641e-01,3.219678092136746272e-06
3.187976032495498657e-02,9.937440752983093262e-01,2.135636750608682632e-03
1.000000000000000000e+00,1.089014643114888945e-16,8.351055849446786805e-13
3.461177357166889124e-06,1.000000000000000000e+00,6.082549047770058337e-11
5.802006344310939312e-04,9.999991655349731445e-01,1.161247986658509035e-09
1.481002868786163162e-06,9.999995231628417969e-01,1.650514214190934581e-08
6.501882694465166423e-07,9.999992847442626953e-01,3.291210148859136098e-08
1.000000000000000000e+00,2.687156120989749042e-15,4.296125432787597674e-16
1.412494498254091013e-06,9.999989271163940430e-01,7.858167236918234266e-07
1.915230887409265614e-21,1.000000000000000000e+00,2.166999301152405124e-20
1.000000000000000000e+00,1.299083285388746845e-09,7.912401575680804572e-16
3.646134166046977043e-03,9.977180957794189453e-01,3.720014356076717377e-04
9.999998807907104492e-01,9.986387716764966171e-09,6.843429218861274421e-07
4.029653055681592377e-08,9.999177455902099609e-01,1.547311330796219409e-05
1.000000000000000000e+00,5.500546546022277994e-11,7.871271180421440805e-14
3.395806701612713368e-16,1.000000000000000000e+00,4.321737009195048343e-15
1.860292891953108096e-10,9.999948740005493164e-01,1.341241500085743610e-06
2.867384281401985646e-11,9.999991655349731445e-01,9.359119985674624331e-07
6.799381679911675747e-08,9.999998807907104492e-01,4.998155667124137835e-09
9.999998807907104492e-01,3.792689255988079822e-07,7.613087404934049118e-08
2.673097476701968844e-08,1.000000000000000000e+00,2.025819053794956220e-16
1.000000000000000000e+00,1.971369509470571399e-18,2.066488843415028154e-19
1.000000000000000000e+00,9.390583124131517655e-16,8.145898913085661275e-16
1.881593448160856497e-06,9.999958276748657227e-01,6.876300417957281752e-09
1.000000000000000000e+00,1.765291709197088638e-14,8.016282543365019220e-14
9.724736446514725685e-05,9.999998807907104492e-01,4.705497103074662846e-10
8.543997864762786776e-08,9.999687671661376953e-01,7.342421213252237067e-06
1.029138905171700369e-12,1.000000000000000000e+00,3.789483104480600995e-15
1.929440429648821009e-08,9.999969005584716797e-01,7.228452432173071429e-07
3.671076556202024221e-04,9.999890327453613281e-01,2.184915501857176423e-07
3.577496077156183674e-09,1.000000000000000000e+00,5.135847259626902250e-13
1.634021487006975804e-06,9.999972581863403320e-01,6.010593551764031872e-07
7.138075375223706942e-07,1.000000000000000000e+00,4.707795264735636920e-10
3.234038013033568859e-04,9.995574355125427246e-01,1.073262319550849497e-04
2.180096885240345728e-07,9.999992847442626953e-01,1.792989507976017194e-07
2.119814546119869192e-09,1.000000000000000000e+00,1.951529605639544182e-15
1.673919215858157145e-14,1.000000000000000000e+00,2.809373149696356431e-14
3.441029228270053864e-03,9.992406368255615234e-01,4.193188942736014724e-05
1.709756208583712578e-03,9.915533661842346191e-01,1.557837240397930145e-03
3.070153297812794335e-06,9.999884366989135742e-01,1.139666778726677876e-06
1.596246512747256929e-08,1.000000000000000000e+00,1.022298912189967268e-09
3.620397592385415919e-06,2.820222527732951789e-11,1.000000000000000000e+00
1.170738670452919905e-07,9.999997615814208984e-01,1.285769979375572802e-08
1.433636640513213933e-07,1.000000000000000000e+00,8.364684611685690866e-17
1.012686453759670258e-02,9.976898431777954102e-01,1.016368114505894482e-04
5.119632273675733813e-09,1.000000000000000000e+00,1.896592084771331344e-11
2.278394833910013517e-11,1.000000000000000000e+00,1.903302038247455975e-20
6.918282806873321533e-02,9.900022745132446289e-01,4.104249819647520781e-04
2.989821168419837250e-10,1.000000000000000000e+00,4.411924509003560689e-21
2.363129533478058875e-05,9.999414682388305664e-01,2.413285437796730548e-05
4.183536017610123281e-10,8.510034040301595049e-13,1.000000000000000000e+00
6.430000066757202148e-03,9.997186064720153809e-01,4.153762347414158285e-06
9.374647401273250580e-03,9.992503523826599121e-01,3.553814894985407591e-05
3.516865021424564475e-08,1.000000000000000000e+00,3.626417139912518905e-07
1.743124239146709442e-02,9.928679466247558594e-01,1.154355355538427830e-03
2.578965388238430023e-02,8.972748517990112305e-01,5.195347592234611511e-02
2.428516836516791955e-06,9.999769926071166992e-01,6.830245183664374053e-06
1.173659016110925601e-14,1.000000000000000000e+00,5.511796531340595884e-14
6.982743105520688998e-14,1.000000000000000000e+00,8.086516609527214482e-16
5.433982113223537712e-16,1.000000000000000000e+00,2.040990075624770782e-17
2.832528700480452244e-08,1.000000000000000000e+00,1.787643817696693560e-11
8.388122660107910633e-04,9.744611382484436035e-01,6.870876997709274292e-03
9.047575986187439412e-06,9.999973773956298828e-01,6.003260182296799030e-07
9.614339706309760203e-12,1.000000000000000000e+00,1.171264057964194194e-10
4.813239584677830862e-09,1.000000000000000000e+00,8.205832541241520062e-11
5.465108756652625743e-07,9.999915361404418945e-01,6.124056653789011762e-06
1.090025034500285983e-05,9.999983310699462891e-01,3.159729658364085481e-06
8.388122660107910633e-04,9.744611382484436035e-01,6.870876997709274292e-03
3.032074857856059680e-07,1.000000000000000000e+00,2.170286172997748508e-10
1.646841951696842443e-06,9.999912977218627930e-01,4.983667700741989393e-09
1.836327104592461175e-18,1.000000000000000000e+00,4.435986647455258947e-11
7.096426770658581518e-07,2.179085640818811953e-06,9.999252557754516602e-01
1.099386159330606461e-02,9.898456335067749023e-01,2.070520306006073952e-03
3.651190922937530559e-07,9.999425411224365234e-01,9.481539746047928929e-05
3.291221446488634683e-06,5.097850589663721621e-06,9.997659325599670410e-01
4.767310019815340638e-05,1.005335434456355870e-06,9.999828338623046875e-01
1.198401208966970444e-03,9.960412979125976562e-01,7.480683270841836929e-03
7.857669697841629386e-05,2.903882911908794995e-09,9.999856948852539062e-01
5.301864803186617792e-06,9.997754693031311035e-01,6.573816644959151745e-04
1.475948030460472182e-09,1.000000000000000000e+00,1.192013761306110227e-22
3.048548009246587753e-03,9.984538555145263672e-01,4.394898423925042152e-04
1.676122657954692841e-03,9.997373223304748535e-01,1.956012238224502653e-05
2.749630366452038288e-04,9.969647526741027832e-01,1.374792827846249565e-05
1.000000000000000000e+00,1.998872248276661878e-11,1.098509708745681015e-18
5.749137140810489655e-03,9.972911477088928223e-01,1.586758444318547845e-04
1.000000000000000000e+00,6.696782572923609678e-10,1.884658366157066899e-16
5.415211465006897207e-13,1.000000000000000000e+00,1.699348501915665111e-07
3.622037917375564575e-02,7.276009321212768555e-01,5.690462887287139893e-02
1.065512895584106445e-01,9.908367395401000977e-01,1.979558728635311127e-04
3.088295339403156203e-14,1.000000000000000000e+00,3.489920796795331626e-09
5.252623232081532478e-04,9.973461627960205078e-01,1.098393579013645649e-03
2.272932135838345857e-07,9.999909400939941406e-01,2.324979504919610918e-06
1.624055323190987110e-03,9.595264196395874023e-01,1.489131711423397064e-02
6.528408391659468180e-08,1.000000000000000000e+00,3.019690053562840149e-11
3.778691589832305908e-02,9.963177442550659180e-01,1.356635184492915869e-04
1.367880031466484070e-09,1.000000000000000000e+00,1.735219967713419464e-07
1.858595460653305054e-01,7.675529718399047852e-01,1.256027221679687500e-01
2.724954981658811448e-07,9.999637603759765625e-01,4.359872491477290168e-06
1.318794229376862859e-08,9.999698400497436523e-01,2.396314994257409126e-05
6.332162172384414589e-08,1.137861332933809422e-11,1.000000000000000000e+00
2.202942960138898343e-05,9.984965324401855469e-01,1.091912272386252880e-03
1.042742631398141384e-03,2.090407633659197018e-07,9.998419284820556641e-01
2.259593179232410876e-09,9.999924898147583008e-01,1.800637801352422684e-05
2.266680766693784932e-13,1.000000000000000000e+00,1.548061163703096099e-07
2.427791514492128044e-07,9.999998807907104492e-01,1.088931789183789078e-08
6.241477473745149496e-11,9.999983310699462891e-01,2.166840658901492134e-06
9.112461470067501068e-03,1.096559117286233231e-05,9.953441023826599121e-01
3.844580351142212749e-05,1.338804196393539314e-07,9.999768733978271484e-01
4.798945970833301544e-03,7.698118906773743220e-07,9.997106194496154785e-01
6.124434730736538768e-05,9.996268749237060547e-01,1.961674342965125106e-06
7.280597791314846745e-10,9.999995231628417969e-01,5.739835614804178476e-06
1.506941345041923341e-07,9.999995231628417969e-01,1.172016652617458021e-07
1.697404741207719781e-06,2.229009510301693808e-08,9.999996423721313477e-01
2.726903744041919708e-02,9.946860074996948242e-01,4.153819172643125057e-04
2.731732351435312012e-08,3.994094655013213924e-08,9.999998807907104492e-01
8.323130314238369465e-04,9.987629652023315430e-01,4.932005322189070284e-05
7.016767540335422382e-06,1.000000000000000000e+00,6.249554346249297510e-11
5.789025792068969167e-08,9.999400377273559570e-01,3.980025212513282895e-05
1.931771748786559328e-06,9.999897480010986328e-01,1.404884403255479697e-10
2.020304225563290812e-13,1.000000000000000000e+00,4.144042850864905188e-17
2.113456284860149026e-04,9.999285936355590820e-01,2.875950849556829780e-05
1.528750999568728730e-06,9.999573230743408203e-01,6.595280865440145135e-06
1.219151272380258888e-05,9.999896287918090820e-01,1.137880417445558123e-06
1.101872716333107682e-12,1.711043573493498116e-08,1.000000000000000000e+00
2.372505150560755283e-05,9.994049072265625000e-01,5.545237800106406212e-04
2.603355309105381821e-10,1.000000000000000000e+00,4.071386890819317372e-12
1.407329818903235719e-06,9.999982118606567383e-01,3.974210812884848565e-06
1.462091039866209030e-02,9.160717129707336426e-01,6.207447871565818787e-02
2.791621955111622810e-05,9.999707937240600586e-01,4.498329417401691899e-06
1.180140043288702145e-05,9.977229237556457520e-01,1.093211700208485126e-03
6.129811241928351251e-11,4.987025983144155461e-12,1.000000000000000000e+00
7.978964276844635606e-05,9.999933242797851562e-01,1.481419360516156303e-07
3.046743586310185492e-06,9.999988079071044922e-01,7.546977371930552181e-07
1.095686456942615052e-15,1.663805898610704048e-11,1.000000000000000000e+00
3.720980137586593628e-03,9.974226951599121094e-01,3.595869638957083225e-04
7.223942666314542294e-04,9.998015761375427246e-01,7.030420238152146339e-05
2.985980245284736156e-04,9.830006361007690430e-01,3.967196214944124222e-03
1.305497884750366211e-01,8.100813627243041992e-01,2.113787233829498291e-01
2.078166388974622691e-10,3.269457693022559397e-06,1.000000000000000000e+00
2.303273975849151611e-02,4.198076948523521423e-02,9.658280611038208008e-01
2.409161481420341033e-10,1.333581167273223400e-06,1.000000000000000000e+00
4.554592294425674481e-07,9.999763965606689453e-01,3.348548261783435009e-06
2.199114224055165323e-09,3.980034600910243789e-15,1.000000000000000000e+00
3.135058079806185560e-07,9.999986886978149414e-01,1.468409482896504414e-08
2.665994378384106689e-12,1.000000000000000000e+00,3.064674599165262414e-12
5.105862399545912922e-09,9.999997615814208984e-01,4.385140073281945661e-08
4.346533842181088403e-06,9.999656677246093750e-01,1.453585264243884012e-05
7.435619502928203506e-13,1.000000000000000000e+00,6.693912979471861036e-09
1.599336428625974804e-05,5.141459951119031757e-06,9.999946355819702148e-01
3.977716822589627554e-09,3.120426400845648596e-23,1.000000000000000000e+00
9.661995363785536028e-07,1.027724464017200844e-16,1.000000000000000000e+00
2.226681317551992834e-05,9.999338388442993164e-01,1.544505721540190279e-05
1.465351760998601094e-05,9.998817443847656250e-01,3.473520337138324976e-05
7.032338089629774913e-08,1.152123672909510788e-06,9.999996423721313477e-01
3.971058759599799259e-10,3.641465795567455643e-09,1.000000000000000000e+00
7.060856660245917737e-06,9.999982118606567383e-01,2.715926816776459418e-09
4.697477925219573081e-05,9.999985694885253906e-01,2.439799828835020890e-08
3.748270316350499343e-08,2.800066845054516307e-09,1.000000000000000000e+00
4.409344851047380942e-12,1.000000000000000000e+00,1.040248278627586842e-07
1.411301847956125677e-12,2.051930369053375086e-14,1.000000000000000000e+00
3.570259877960779704e-06,9.999953508377075195e-01,1.326612164120888337e-06
1.018237091865437094e-10,1.584244888053198963e-11,1.000000000000000000e+00
9.690832121142523015e-13,1.477960684609716524e-15,1.000000000000000000e+00
1.523326791357249022e-04,9.998984336853027344e-01,1.462637646909570321e-05
2.382377495280252333e-08,9.999979734420776367e-01,2.903898916883917991e-07
1.053153874872037044e-13,1.433924871050063941e-17,1.000000000000000000e+00
1.479852045349616674e-07,1.229313966177869588e-07,9.999978542327880859e-01
2.629157052069786005e-07,3.032420885576425640e-12,1.000000000000000000e+00
3.071897332115728664e-15,2.708276405645129420e-20,1.000000000000000000e+00
1.188167487271130085e-03,9.997636675834655762e-01,3.794625058617384639e-07
4.060145706512134633e-14,2.913476230595164838e-16,1.000000000000000000e+00
2.743374638569662238e-09,7.419540537512148148e-09,1.000000000000000000e+00
2.905011509124477698e-10,7.995054618348262920e-11,1.000000000000000000e+00
3.824181860068165406e-08,1.536731843998495606e-07,9.999998807907104492e-01
5.400902591645717621e-05,9.999954700469970703e-01,2.034027701824925316e-08
1.080524059943854809e-03,9.998493194580078125e-01,1.993487863671816740e-08
4.435058872331865132e-05,9.999990463256835938e-01,2.421520264306309400e-07
4.383633012139398488e-09,1.854632983647186428e-12,1.000000000000000000e+00
3.254560288041830063e-04,1.605505705811083317e-03,9.989425539970397949e-01
1.651985712669556960e-06,3.502783341158277608e-10,1.000000000000000000e+00
4.447972656862475560e-08,1.000000000000000000e+00,2.084615466357853109e-12
1.099164092011051252e-05,9.999101161956787109e-01,8.151320507465698029e-09
4.610593168763443828e-05,1.160432111646514386e-05,9.999835491180419922e-01
6.411803379902103472e-12,3.074674541391538701e-16,1.000000000000000000e+00
7.414766005240380764e-04,9.998972415924072266e-01,1.773415169736836106e-05
1.046185195446014404e-02,9.972521662712097168e-01,2.388402790529653430e-04
1.116303883463842794e-05,9.998036026954650879e-01,1.646059466509086633e-08
1.603398728892979630e-12,7.262864398442994312e-27,1.000000000000000000e+00
1.388598320772871375e-07,8.086247782479460966e-10,1.000000000000000000e+00
4.961017152638191874e-10,1.192763661277129739e-12,1.000000000000000000e+00
2.484770629962440580e-05,4.635236837202683091e-05,9.999506473541259766e-01
2.589131472632288933e-03,6.432477850466966629e-03,9.946526288986206055e-01
3.323182511394406902e-07,9.999983310699462891e-01,1.569481489216428827e-10
7.690906755897231051e-08,7.466754992080382181e-10,1.000000000000000000e+00
1.197859234025600017e-08,2.237993395543869980e-16,1.000000000000000000e+00
1.283599249291000888e-05,5.193891411181539297e-06,9.999986886978149414e-01
5.304527439875528216e-05,3.678778739413246512e-06,9.999947547912597656e-01
7.019630102883533951e-13,1.066250664421165145e-14,1.000000000000000000e+00
8.996144629236368928e-08,4.475274664739181674e-11,1.000000000000000000e+00
6.326548032120626885e-07,2.739526161477101596e-09,1.000000000000000000e+00
2.160798430850263685e-06,1.243611677637090907e-05,9.999986886978149414e-01
1.347731216810643673e-03,9.998527765274047852e-01,9.889831744658295065e-06
3.359642345458269119e-03,1.064723078161478043e-02,9.927862286567687988e-01
1.902954238630627515e-08,5.893178790962591215e-16,1.000000000000000000e+00
1.707789371721446514e-03,9.999135732650756836e-01,1.383095968776615337e-05
1.562204172793685481e-16,7.259032921487415587e-22,1.000000000000000000e+00
8.858195506036281586e-03,2.959101228043437004e-03,9.939684867858886719e-01
1.980696171522140503e-01,1.238159537315368652e-01,8.366855978965759277e-01
1.816011563349206881e-09,9.711100603130781717e-15,1.000000000000000000e+00
6.250194273889064789e-03,1.899427957141597290e-06,9.998064637184143066e-01
2.005453303421944611e-10,3.806806283504667043e-14,1.000000000000000000e+00
2.022859796335652049e-10,1.803271754141633210e-09,1.000000000000000000e+00
1.602133359313029359e-08,3.635629131082396270e-09,1.000000000000000000e+00
3.957108035683631897e-02,2.632925845682621002e-02,9.564617872238159180e-01
5.376807621360057965e-06,8.383160457015037537e-04,9.996870756149291992e-01
1.495595142841921188e-06,5.389669865962787298e-08,1.000000000000000000e+00
1.178302685730159283e-03,6.975506394724106940e-09,9.999895095825195312e-01
6.097699567497727458e-10,6.342276481774433705e-09,1.000000000000000000e+00
5.213701352477073669e-02,4.935062024742364883e-03,9.772780537605285645e-01
3.658816893903349410e-08,2.677894705982453161e-08,9.999994039535522461e-01
2.732281340286135674e-03,6.850557401776313782e-04,9.981422424316406250e-01
9.163015590729628457e-08,7.781763429193233605e-07,9.999998807907104492e-01
1.243362296372652054e-02,1.249759079655632377e-04,9.982561469078063965e-01
6.647488044109195471e-05,5.635184425045736134e-05,9.999264478683471680e-01
1.700378060340881348e-01,4.904815577901899815e-04,9.621969461441040039e-01
1.348644873360171914e-04,5.856055067852139473e-04,9.997568726539611816e-01
1.962261741983439833e-10,2.056980008546815952e-08,1.000000000000000000e+00
8.352207458983684774e-08,7.745537914161104709e-06,9.999921321868896484e-01
1.378111890517175198e-03,1.061217990354634821e-04,9.950561523437500000e-01
7.175211891308208578e-08,1.551795669740840822e-08,9.999994039535522461e-01
6.705833948217332363e-05,5.050354637205600739e-03,9.985828399658203125e-01
3.766262125282082707e-06,4.770465966430492699e-05,9.999775886535644531e-01
1.123074398492462933e-04,1.556241884827613831e-03,9.994043111801147461e-01
4.238942265510559082e-02,2.953175688162446022e-03,9.845376014709472656e-01
8.231729187180292229e-11,1.000000000000000000e+00,2.344396551889893487e-11
3.409390410524792969e-05,1.699973108770791441e-05,9.999840259552001953e-01
7.983470522696030989e-23,8.857124943086481145e-20,1.000000000000000000e+00
1.806020736694335938e-04,9.035479160957038403e-04,9.994438290596008301e-01
1.463150139898061752e-02,1.092115417122840881e-05,9.964423775672912598e-01
2.077806815492522219e-09,6.127505258746168693e-08,1.000000000000000000e+00
9.196174331009387970e-03,9.965546131134033203e-01,8.393854659516364336e-05
9.275867341784760356e-05,9.995589852333068848e-01,9.956225985661149025e-04
3.891969972755759954e-04,5.612922677755705081e-07,9.999766349792480469e-01
7.751937955617904663e-02,8.022392168641090393e-03,9.581886529922485352e-01
6.856724619865417480e-03,3.087607619818300009e-04,9.907683730125427246e-01
4.005906023563099438e-11,1.350087593397818544e-14,1.000000000000000000e+00
1.207057666033506393e-02,9.956651329994201660e-01,3.969220444560050964e-03
1.011247038841247559e-01,9.397971630096435547e-01,4.540659859776496887e-02
3.612672227343294296e-13,1.499459465013203152e-13,1.000000000000000000e+00
2.854325315941600187e-23,3.663524254872656592e-19,1.000000000000000000e+00
3.783212006092071533e-01,2.416910231113433838e-01,6.390428543090820312e-01
9.242895430361386389e-06,9.999406337738037109e-01,1.813373237382620573e-04
1.813029684126377106e-02,7.599585956086229999e-07,9.989868998527526855e-01
7.662268450195381170e-23,9.790505097966205263e-17,1.000000000000000000e+00
1.222857259897125459e-09,1.769563245934691054e-10,1.000000000000000000e+00
1.874086885678138970e-09,4.669192549960898830e-13,1.000000000000000000e+00
4.112457463634200394e-05,9.999964237213134766e-01,3.819582730102411006e-07
1.334520727396011353e-01,9.335414171218872070e-01,5.610907077789306641e-02
4.156119757681153715e-06,5.791472176497336477e-06,9.999914169311523438e-01
2.711906563490629196e-03,2.098768745781853795e-04,9.945863485336303711e-01
9.934414180179373943e-08,2.243393357637558233e-14,1.000000000000000000e+00
2.390721542303823351e-19,1.319483308337719490e-16,1.000000000000000000e+00
2.897156770856286144e-27,6.970247226175086926e-22,1.000000000000000000e+00
1.758999369771974131e-11,8.407011112757784271e-16,1.000000000000000000e+00
5.685653304681181908e-04,3.858654818031936884e-04,9.996071457862854004e-01
7.543241605162620544e-03,5.199009552597999573e-02,9.596366286277770996e-01
3.425875577146852979e-16,2.688471461512881300e-13,1.000000000000000000e+00
1.804363128030672669e-04,6.410802598111331463e-04,9.994768500328063965e-01
1.347566884227282831e-17,4.947041379516937953e-14,1.000000000000000000e+00
1.051653889589942992e-04,1.557293671794468537e-06,9.998269677162170410e-01
1.741111191222444177e-06,3.011376037420632201e-09,9.999991655349731445e-01
1.552145818095596042e-06,1.379302716486563440e-07,9.999914169311523438e-01
2.989028096199035645e-01,6.860139369964599609e-01,3.010272979736328125e-01
3.798155148615478538e-06,5.600276385988830260e-16,1.000000000000000000e+00
6.498935504334335533e-13,2.600943349584383668e-10,1.000000000000000000e+00
2.649274210853036493e-05,6.102580130118440138e-08,9.999976158142089844e-01
2.426203593586251372e-07,2.225329476246429294e-09,1.000000000000000000e+00
8.557696855859830976e-05,1.002570343189290725e-06,9.998174309730529785e-01
4.196124791633337736e-05,1.899666926874488126e-06,9.996548891067504883e-01
1.059446930185004021e-07,1.837265699577983469e-07,9.999997615814208984e-01
5.708644321145150968e-11,6.283007070211543352e-15,1.000000000000000000e+00
4.085781518369913101e-03,2.119799319189041853e-04,9.928950667381286621e-01
1.026047742925584316e-03,1.350175682455301285e-02,9.933023452758789062e-01
1.703693906261803497e-15,2.223138166612681488e-11,1.000000000000000000e+00
1.126615147535822015e-21,5.852692601317305786e-17,1.000000000000000000e+00
4.171216860413551331e-03,1.425987284164875746e-04,9.991926550865173340e-01
3.973615355789661407e-03,1.857122639194130898e-03,9.941040873527526855e-01
1.051608276912523177e-13,1.000000000000000000e+00,9.714709939268040273e-12
1.129137934185564518e-03,4.642416752176359296e-05,9.992361068725585938e-01
2.046079607680439949e-04,2.516528002161066979e-05,9.998378753662109375e-01
3.659407593659125268e-05,4.471153260965365916e-06,9.999822378158569336e-01
5.586361294263042510e-05,3.096896818988170708e-07,9.999969005584716797e-01
3.324380770663992735e-07,9.999997615814208984e-01,5.245401002440530647e-09
3.131123259663581848e-03,5.885547216166742146e-05,9.976513981819152832e-01
6.684589607175439596e-06,9.999986886978149414e-01,1.872780153178155160e-08
7.080993924546419294e-08,2.554403181420639157e-06,9.999990463256835938e-01
2.536217380111338571e-06,5.155174775950399635e-08,9.999998807907104492e-01
1.219887657555318583e-08,2.150585265425775106e-10,1.000000000000000000e+00
2.890475559979677200e-03,4.828467965126037598e-02,9.721800088882446289e-01
8.416622421236752416e-08,2.988478399856830947e-06,9.999994039535522461e-01
1.818732562242075801e-04,1.005885042104637250e-05,9.994335770606994629e-01
1.008636463666334748e-04,3.878701943904161453e-03,9.982928633689880371e-01
3.207946429029107094e-05,2.178503636969253421e-04,9.999399185180664062e-01
1.338939549511142246e-11,3.034618705901618939e-20,1.000000000000000000e+00
7.020852565765380859e-01,1.952331513166427612e-02,5.241386890411376953e-01
2.039802771136578485e-10,2.069595410812530857e-28,1.000000000000000000e+00
7.782985270023345947e-02,1.478349138051271439e-02,9.298726320266723633e-01
2.123023312705640819e-09,1.000000000000000000e+00,7.381849020937636396e-10
8.993422961793839931e-04,5.921257525187684223e-06,9.999281167984008789e-01
1.268509924411773682e-01,1.474040597677230835e-01,8.528637290000915527e-01
3.043550966808084013e-09,1.912101726952997183e-11,1.000000000000000000e+00
2.920665131966870831e-08,1.000000000000000000e+00,2.600817651521314389e-11
5.011149481481957935e-12,2.641237922818007178e-13,1.000000000000000000e+00
1.338939549511142246e-11,3.034618705901618939e-20,1.000000000000000000e+00
1.160890315077267587e-04,3.777089148115919670e-07,9.999963045120239258e-01
1.288635283708572388e-02,1.233133673667907715e-02,9.851105213165283203e-01
1.998412268999771868e-10,7.600623255776817189e-12,1.000000000000000000e+00
1.155770805780775845e-04,1.406066294293850660e-04,9.989799857139587402e-01
1.957277184772010514e-08,2.104005912298922108e-15,1.000000000000000000e+00
2.423414855456940131e-07,1.181283196260984880e-11,1.000000000000000000e+00
4.899761165688687470e-07,9.282219980377703905e-05,9.999755620956420898e-01
2.660445461515337229e-04,1.842294068410410546e-07,9.999536275863647461e-01
2.536896598815009126e-17,5.667803970126311219e-16,1.000000000000000000e+00
9.130356204423151212e-08,6.506544195872265846e-06,9.999986886978149414e-01
3.066267400576860869e-14,1.010791299328464568e-17,1.000000000000000000e+00
2.341796061955392361e-06,7.996994099812582135e-06,9.999954700469970703e-01
1.698405652228451856e-11,1.658689574579597092e-10,1.000000000000000000e+00
1.970621951841167174e-06,2.170043899241136387e-06,9.999990463256835938e-01
2.178392222162983671e-08,2.756061121544917114e-07,9.999998807907104492e-01
4.111549434249184287e-10,1.877566331576208114e-11,1.000000000000000000e+00
5.166084039956331253e-03,6.335645448416471481e-04,9.909664392471313477e-01
9.184366461800763659e-11,3.967284811778881704e-08,9.999998807907104492e-01
3.512506063785281185e-09,3.507327414609129335e-11,1.000000000000000000e+00
4.706497946926901932e-08,9.556659279041923583e-06,9.999980926513671875e-01
1.979364315047860146e-04,2.060676933979266323e-06,9.999868869781494141e-01
3.504364940454252064e-06,1.233226953445409890e-06,9.999985694885253906e-01
1.490204158471897244e-05,1.752854950609616935e-05,9.999704360961914062e-01
4.227661065669963136e-06,9.999998807907104492e-01,1.366814039727159980e-08
6.048798582014569547e-07,3.115886881843721312e-09,9.999998807907104492e-01
2.924621477723121643e-02,9.315588249592110515e-05,9.978419542312622070e-01
3.146532279174607538e-08,1.789153381004382481e-09,1.000000000000000000e+00
9.914659131027292460e-06,5.598686243502015714e-07,9.999616146087646484e-01
1.236465177498757839e-04,2.063250828868157249e-12,9.999996423721313477e-01
3.669007458961814905e-11,1.421112005850488913e-09,1.000000000000000000e+00
6.131941918283700943e-04,2.808389544952660799e-04,9.980183839797973633e-01
1.119426451623439789e-05,2.494405126896026559e-09,9.999998807907104492e-01
1.318428665399551392e-03,3.115627862371184165e-07,9.998006224632263184e-01
3.531902655959129333e-02,1.264998018741607666e-01,8.509658575057983398e-01
4.770377992951101420e-19,1.812001997523961152e-16,1.000000000000000000e+00
1.391656314808642492e-05,1.263015842085934981e-13,1.000000000000000000e+00
2.790553146656589541e-18,1.000000000000000000e+00,2.544248590439138093e-20
2.577719511464238167e-03,7.053739391267299652e-04,9.942340254783630371e-01
1.331996099906973541e-05,2.222251822558973799e-07,9.999951124191284180e-01
2.191700852947799201e-18,3.032079372056488073e-16,1.000000000000000000e+00
3.767832920664737628e-11,2.518597064238292660e-08,1.000000000000000000e+00
1.794466525316238403e-01,6.265756674110889435e-04,9.782031178474426270e-01
3.337821108289062977e-04,1.206967062898911536e-04,9.997058510780334473e-01
2.062877267599105835e-01,6.205154582858085632e-03,9.322329759597778320e-01
4.993867985803035481e-09,2.483506239200905519e-12,1.000000000000000000e+00
5.753571244112611061e-15,1.449650816054415259e-11,1.000000000000000000e+00
8.882648505625923008e-10,3.041271767756370537e-08,1.000000000000000000e+00
4.771469905972480774e-02,1.250434870598837733e-04,9.821957945823669434e-01
3.734797004995016323e-08,2.608692011563107371e-05,9.999685287475585938e-01
4.567392852816709592e-10,1.741701893820390978e-08,9.999998807907104492e-01
8.004794808737573643e-21,6.061192434731691586e-15,1.000000000000000000e+00
1.305072174773158622e-07,1.944854091107117711e-07,9.999991655349731445e-01
4.511703923344612122e-02,1.499558091163635254e-01,8.773865699768066406e-01
2.799091589622548781e-07,1.986949911270130542e-07,9.999996423721313477e-01
1.000000000000000000e+00,4.752598870005897425e-10,1.329605150887083406e-14
1.000000000000000000e+00,8.793486094447675039e-15,5.418042316879256859e-13
1.000000000000000000e+00,2.669795591200840867e-12,2.699985554978464817e-18
1.000000000000000000e+00,9.644032534367186216e-13,1.774930774730253125e-14
1.000000000000000000e+00,5.881232133242431104e-12,4.888266525636614582e-15
1.000000000000000000e+00,1.592414529299796162e-16,2.201867969739066105e-16
1.000000000000000000e+00,9.038153003793070184e-10,2.126364193974646620e-15
3.423735279284301214e-06,9.999779462814331055e-01,4.760070623888168484e-06
1.522328406572341919e-01,9.362607598304748535e-01,2.609602641314268112e-03
4.364087060093879700e-02,9.745792150497436523e-01,1.186016132123768330e-03
6.382541162253119182e-09,9.999943971633911133e-01,9.926767461365670897e-07
6.867785123176872730e-04,9.985964894294738770e-01,8.999547571875154972e-04
9.671607404015958309e-05,9.999349117279052734e-01,2.167468892366741784e-06
6.477998795162420720e-07,9.999997615814208984e-01,3.672877824101306032e-08
6.403874431271106005e-05,9.999965429306030273e-01,1.498201868344040122e-06
1.639993030266850838e-07,1.000000000000000000e+00,1.980839048343341346e-09
3.808675153038620920e-09,1.000000000000000000e+00,8.876399615331820314e-10
8.074532379396259785e-04,9.998762607574462891e-01,2.904508073697797954e-05
5.919403702137060463e-05,9.999960660934448242e-01,5.126254336573765613e-07
4.888485991873248171e-13,1.000000000000000000e+00,2.816457073705642302e-24
9.698110516183078289e-04,8.903731703758239746e-01,3.460586412984412163e-06
1.382355485111474991e-02,8.612326383590698242e-01,2.105338644469156861e-04
1.721456833183765411e-02,8.727039694786071777e-01,2.287161623826250434e-04
1.418407009623479098e-05,1.000000000000000000e+00,1.101269683084771245e-12
1.179287556496433353e-09,1.000000000000000000e+00,1.518098526661487702e-13
2.876155147379932941e-10,1.000000000000000000e+00,7.294023647878497552e-14
6.265122207758285215e-17,1.000000000000000000e+00,1.078645113057037540e-24
3.436723697508928255e-14,1.000000000000000000e+00,4.780137011656865220e-21
7.052106454352724541e-09,1.000000000000000000e+00,1.703415274773804194e-14
6.112540161529178562e-12,1.000000000000000000e+00,1.447394845580999954e-17
1.511646559038126725e-07,1.000000000000000000e+00,1.301487021453107129e-12
2.119893496854707848e-11,1.000000000000000000e+00,1.046169003490357260e-16
2.798055653840947343e-08,1.000000000000000000e+00,8.346838950976022842e-16
9.093058566243708389e-16,1.000000000000000000e+00,1.116094213772528870e-25
5.762205897976921398e-14,1.000000000000000000e+00,9.225251426305502785e-27
6.216273322934284806e-05,1.467837137170135975e-04,9.999275207519531250e-01
1.873073744718123379e-11,1.415627615131143102e-10,1.000000000000000000e+00
8.910977157938759774e-06,1.700899156276136637e-04,9.999395608901977539e-01
6.743437666045792866e-07,4.265702813199823140e-08,9.999995231628417969e-01
1.661723072174936533e-04,2.486252014932688326e-05,9.998092055320739746e-01
7.733809979981742799e-06,2.356301061809062958e-03,9.992123842239379883e-01
4.717386481445373647e-10,1.132556093352832249e-08,1.000000000000000000e+00
1.288592577910682713e-13,1.024262341609016858e-09,1.000000000000000000e+00
1.658297249518270178e-10,1.150675927874544868e-07,1.000000000000000000e+00
1.226014845201461867e-09,3.053471800740226172e-06,9.999996423721313477e-01
2.671088017436318296e-09,1.855634579328580003e-08,1.000000000000000000e+00
2.200817517594363948e-13,1.415390804559990556e-09,1.000000000000000000e+00
1.628421286703485293e-09,5.247609919933893252e-07,9.999998807907104492e-01
5.712749498343328014e-06,2.279467880725860596e-04,9.999114274978637695e-01
1.482039806433022022e-07,6.437680895032826811e-06,9.999977350234985352e-01
5.557840268011204898e-07,7.621235999977216125e-05,9.999788999557495117e-01
9.751252946443855762e-06,3.900302981492131948e-04,9.998661279678344727e-01
4.201914649456739426e-03,8.214703848352655768e-05,9.967156648635864258e-01
1.067403936758637428e-03,3.376123640919104218e-05,9.983795881271362305e-01
3.247344920964678749e-06,1.618552341824397445e-04,9.999134540557861328e-01
8.829799753584666178e-07,9.451586811337620020e-05,9.999164342880249023e-01
3.273878279586028839e-09,5.898682850758519061e-18,1.000000000000000000e+00
3.063041209561134792e-10,1.256825060691468821e-10,1.000000000000000000e+00
4.665798319534661398e-14,2.530551723028962030e-13,1.000000000000000000e+00
4.819129470479133204e-12,3.278422618386933724e-23,1.000000000000000000e+00
6.140758568307091991e-09,1.164303766143661075e-21,1.000000000000000000e+00
7.910792160226165493e-11,1.759093218312024476e-11,1.000000000000000000e+00
3.747278529142583636e-11,1.692721619339990213e-13,1.000000000000000000e+00
5.048318433587161403e-18,2.701899198551515033e-20,1.000000000000000000e+00
5.344954905267190490e-34,0.000000000000000000e+00,1.000000000000000000e+00
1.000000000000000000e+00,5.943048914523372216e-16,3.613448990437244379e-14
1.000000000000000000e+00,7.755755537580330539e-15,3.112920958872091026e-14
1.000000000000000000e+00,1.176653531689353729e-14,1.641180409888559621e-13
