random_seed,training_ratio,epochs,batch_size,N,scaling,sae_hidden_layers,SAE_ACTIVATION,SAE_BIAS,SAE_OPTIMIZER,SAE_LOSS,classifier_hidden_layers,CLASSIFIER_ACTIVATION,CLASSIFIER_BIAS,CLASSIFIER_OPTIMIZER,CLASSIFIER_LOSS,dropout,acc_bld,acc_flr,acc_bf,loc_failure,mean_pos_err,mean_pos_err_weighted
0,0.9,20,10,8,0.2,[64],relu,FALSE,adam,mse,"[64, 128]",relu,FALSE,adam,binary_crossentropy,0.2,0.99909991,0.911791179,0.910891089,0,9.758961936,9.374422065
0,0.9,20,10,8,0.2,[128],relu,FALSE,adam,mse,"[64, 128]",relu,FALSE,adam,binary_crossentropy,0.2,0.99819982,0.901890189,0.901890189,0,10.00763893,9.795707524
0,0.9,20,10,8,0.2,[256],relu,FALSE,adam,mse,"[64, 128]",relu,FALSE,adam,binary_crossentropy,0.2,0.99639964,0.912691269,0.911791179,0.004935834,10.16059221,9.9317202
0,0.9,20,10,8,0.2,[512],relu,FALSE,adam,mse,"[64, 128]",relu,FALSE,adam,binary_crossentropy,0.2,0.99729973,0.915391539,0.914491449,0.00492126,9.638728019,9.192095037
0,0.9,20,10,8,0.2,"[64, 128]",relu,FALSE,adam,mse,"[64, 128]",relu,FALSE,adam,binary_crossentropy,0.2,0.99729973,0.912691269,0.910891089,0.003952569,10.04949547,9.692657262
0,0.9,20,10,8,0.2,"[64, 256]",relu,FALSE,adam,mse,"[64, 128]",relu,FALSE,adam,binary_crossentropy,0.2,0.99819982,0.913591359,0.912691269,0.000986193,9.504681152,9.22228858
0,0.9,20,10,8,0.2,"[64, 512]",relu,FALSE,adam,mse,"[64, 128]",relu,FALSE,adam,binary_crossentropy,0.2,0.99909991,0.923492349,0.923492349,0.000974659,9.798875551,9.484355323
0,0.9,20,10,8,0.2,"[128, 64]",relu,FALSE,adam,mse,"[64, 128]",relu,FALSE,adam,binary_crossentropy,0.2,1,0.909090909,0.909090909,0,9.839493714,9.449175815
0,0.9,20,10,8,0.2,"[128, 256]",relu,FALSE,adam,mse,"[64, 128]",relu,FALSE,adam,binary_crossentropy,0.2,0.99819982,0.917191719,0.917191719,0.000981354,9.699431781,9.447302024
0,0.9,20,10,8,0.2,"[128, 512]",relu,FALSE,adam,mse,"[64, 128]",relu,FALSE,adam,binary_crossentropy,0.2,0.99909991,0.909990999,0.909990999,0.001978239,10.46410267,10.16562519
0,0.9,20,10,8,0.2,"[256, 64]",relu,FALSE,adam,mse,"[64, 128]",relu,FALSE,adam,binary_crossentropy,0.2,0.99819982,0.912691269,0.911791179,0,9.839892358,9.480521105
0,0.9,20,10,8,0.2,"[256, 128]",relu,FALSE,adam,mse,"[64, 128]",relu,FALSE,adam,binary_crossentropy,0.2,1,0.921692169,0.921692169,0.002929688,9.894580813,9.461283815
0,0.9,20,10,8,0.2,"[256, 512]",relu,FALSE,adam,mse,"[64, 128]",relu,FALSE,adam,binary_crossentropy,0.2,0.99819982,0.909090909,0.909090909,0.004950495,9.905753459,9.6012376
0,0.9,20,10,8,0.2,"[512, 64]",relu,FALSE,adam,mse,"[64, 128]",relu,FALSE,adam,binary_crossentropy,0.2,1,0.929792979,0.929792979,0,10.39307435,10.14324063
0,0.9,20,10,8,0.2,"[512, 128]",relu,FALSE,adam,mse,"[64, 128]",relu,FALSE,adam,binary_crossentropy,0.2,0.99819982,0.915391539,0.915391539,0,9.723699212,9.424058519
0,0.9,20,10,8,0.2,"[512, 256]",relu,FALSE,adam,mse,"[64, 128]",relu,FALSE,adam,binary_crossentropy,0.2,0.99909991,0.915391539,0.915391539,0,9.903433098,9.421848626
0,0.9,20,10,8,0.2,"[64, 128, 256]",relu,FALSE,adam,mse,"[64, 128]",relu,FALSE,adam,binary_crossentropy,0.2,0.98649865,0.917191719,0.910891089,0,9.774820831,9.389847601
0,0.9,20,10,8,0.2,"[64, 128, 512]",relu,FALSE,adam,mse,"[64, 128]",relu,FALSE,adam,binary_crossentropy,0.2,0.99909991,0.903690369,0.902790279,0,9.890607323,9.587097811
0,0.9,20,10,8,0.2,"[64, 256, 128]",relu,FALSE,adam,mse,"[64, 128]",relu,FALSE,adam,binary_crossentropy,0.2,1,0.927092709,0.927092709,0.00776699,10.31845115,10.09461596
0,0.9,20,10,8,0.2,"[64, 256, 512]",relu,FALSE,adam,mse,"[64, 128]",relu,FALSE,adam,binary_crossentropy,0.2,0.99009901,0.920792079,0.912691269,0,10.02611178,9.617841901
0,0.9,20,10,8,0.2,"[64, 64]",relu,FALSE,adam,mse,"[64, 128]",relu,FALSE,adam,binary_crossentropy,0.2,0.99819982,0.916291629,0.916291629,0,10.43041578,10.18012561
0,0.9,20,10,8,0.2,"[128, 128]",relu,FALSE,adam,mse,"[64, 128]",relu,FALSE,adam,binary_crossentropy,0.2,0.99279928,0.909090909,0.903690369,0,9.87181844,9.498856174
0,0.9,20,10,8,0.2,"[256, 256]",relu,FALSE,adam,mse,"[64, 128]",relu,FALSE,adam,binary_crossentropy,0.2,0.99639964,0.916291629,0.914491449,0,9.446607675,9.327134051
0,0.9,20,10,8,0.2,"[512, 512]",relu,FALSE,adam,mse,"[64, 128]",relu,FALSE,adam,binary_crossentropy,0.2,0.99549955,0.901890189,0.898289829,0,9.633828997,9.313372582
0,0.9,20,10,8,0.2,"[64, 64, 64]",relu,FALSE,adam,mse,"[64, 128]",relu,FALSE,adam,binary_crossentropy,0.2,0.99909991,0.918091809,0.917191719,0.005888126,10.38158861,10.01948196
0,0.9,20,10,8,0.2,"[64, 64, 128]",relu,FALSE,adam,mse,"[64, 128]",relu,FALSE,adam,binary_crossentropy,0.2,0.99909991,0.911791179,0.910891089,0,9.969492628,9.616817818
0,0.9,20,10,8,0.2,"[64, 64, 256]",relu,FALSE,adam,mse,"[64, 128]",relu,FALSE,adam,binary_crossentropy,0.2,0.99909991,0.911791179,0.911791179,0.001974334,9.940671448,9.673998203
0,0.9,20,10,8,0.2,"[64, 64, 512]",relu,FALSE,adam,mse,"[64, 128]",relu,FALSE,adam,binary_crossentropy,0.2,0.99909991,0.925292529,0.924392439,0.00194742,10.0818745,9.841116115
0,0.9,20,10,8,0.2,"[64, 128, 64]",relu,FALSE,adam,mse,"[64, 128]",relu,FALSE,adam,binary_crossentropy,0.2,0.99819982,0.920792079,0.918991899,0,9.911857566,9.617083526
0,0.9,20,10,8,0.2,"[64, 128, 128]",relu,FALSE,adam,mse,"[64, 128]",relu,FALSE,adam,binary_crossentropy,0.2,0.99819982,0.933393339,0.932493249,0,9.879120451,9.665549517
0,0.9,20,10,8,0.2,"[64, 256, 64]",relu,FALSE,adam,mse,"[64, 128]",relu,FALSE,adam,binary_crossentropy,0.2,0.99909991,0.908190819,0.908190819,0,9.316072936,9.149639046
0,0.9,20,10,8,0.2,"[64, 256, 256]",relu,FALSE,adam,mse,"[64, 128]",relu,FALSE,adam,binary_crossentropy,0.2,0.99819982,0.915391539,0.914491449,0.005905512,9.795444725,9.477365641
0,0.9,20,10,8,0.2,"[64, 512, 64]",relu,FALSE,adam,mse,"[64, 128]",relu,FALSE,adam,binary_crossentropy,0.2,1,0.910891089,0.910891089,0,9.209861004,8.98278799
0,0.9,20,10,8,0.2,"[64, 512, 128]",relu,FALSE,adam,mse,"[64, 128]",relu,FALSE,adam,binary_crossentropy,0.2,0.99729973,0.914491449,0.913591359,0,9.852099557,9.504661797
0,0.9,20,10,8,0.2,"[64, 512, 256]",relu,FALSE,adam,mse,"[64, 128]",relu,FALSE,adam,binary_crossentropy,0.2,0.99729973,0.916291629,0.915391539,0,9.627185811,9.376959078
0,0.9,20,10,8,0.2,"[64, 512, 512]",relu,FALSE,adam,mse,"[64, 128]",relu,FALSE,adam,binary_crossentropy,0.2,0.99909991,0.912691269,0.911791179,0,10.07824129,9.85841178
0,0.9,20,10,8,0.2,"[128, 64, 64]",relu,FALSE,adam,mse,"[64, 128]",relu,FALSE,adam,binary_crossentropy,0.2,0.99639964,0.912691269,0.912691269,0,9.922016643,9.52746701
0,0.9,20,10,8,0.2,"[128, 64, 128]",relu,FALSE,adam,mse,"[64, 128]",relu,FALSE,adam,binary_crossentropy,0.2,0.99639964,0.911791179,0.909090909,0,9.904379946,9.651854414
0,0.9,20,10,8,0.2,"[128, 64, 256]",relu,FALSE,adam,mse,"[64, 128]",relu,FALSE,adam,binary_crossentropy,0.2,0.99819982,0.928892889,0.927992799,0,10.00447583,9.664998215
0,0.9,20,10,8,0.2,"[128, 64, 512]",relu,FALSE,adam,mse,"[64, 128]",relu,FALSE,adam,binary_crossentropy,0.2,0.9909991,0.914491449,0.909990999,0.001978239,10.1131896,9.893013264
0,0.9,20,10,8,0.2,"[128, 128, 64]",relu,FALSE,adam,mse,"[64, 128]",relu,FALSE,adam,binary_crossentropy,0.2,0.99459946,0.921692169,0.918091809,0.000980392,10.00563521,9.846440143
0,0.9,20,10,8,0.2,"[128, 128, 128]",relu,FALSE,adam,mse,"[64, 128]",relu,FALSE,adam,binary_crossentropy,0.2,0.99819982,0.909990999,0.909990999,0.002967359,10.51738085,10.23844045
0,0.9,20,10,8,0.2,"[128, 128, 256]",relu,FALSE,adam,mse,"[64, 128]",relu,FALSE,adam,binary_crossentropy,0.2,0.99729973,0.924392439,0.921692169,0.000976563,10.02179273,9.659752015
0,0.9,20,10,8,0.2,"[128, 128, 512]",relu,FALSE,adam,mse,"[64, 128]",relu,FALSE,adam,binary_crossentropy,0.2,0.99009901,0.922592259,0.914491449,0,10.04668289,9.809396547
0,0.9,20,10,8,0.2,"[128, 256, 64]",relu,FALSE,adam,mse,"[64, 128]",relu,FALSE,adam,binary_crossentropy,0.2,0.99909991,0.907290729,0.907290729,0,9.444104927,9.138447168
0,0.9,20,10,8,0.2,"[128, 256, 128]",relu,FALSE,adam,mse,"[64, 128]",relu,FALSE,adam,binary_crossentropy,0.2,0.99819982,0.919891989,0.919891989,0.000978474,9.959221904,9.66165626
0,0.9,20,10,8,0.2,"[128, 256, 256]",relu,FALSE,adam,mse,"[64, 128]",relu,FALSE,adam,binary_crossentropy,0.2,0.99549955,0.902790279,0.899189919,0.002002002,9.518190411,9.072714499
0,0.9,20,10,8,0.2,"[128, 256, 512]",relu,FALSE,adam,mse,"[64, 128]",relu,FALSE,adam,binary_crossentropy,0.2,0.99459946,0.901890189,0.897389739,0,9.810777054,9.493483444
0,0.9,20,10,8,0.2,"[128, 512, 64]",relu,FALSE,adam,mse,"[64, 128]",relu,FALSE,adam,binary_crossentropy,0.2,1,0.908190819,0.908190819,0,10.02447523,9.834219501
0,0.9,20,10,8,0.2,"[128, 512, 128]",relu,FALSE,adam,mse,"[64, 128]",relu,FALSE,adam,binary_crossentropy,0.2,0.99549955,0.914491449,0.911791179,0,9.798582129,9.355476957
0,0.9,20,10,8,0.2,"[128, 512, 256]",relu,FALSE,adam,mse,"[64, 128]",relu,FALSE,adam,binary_crossentropy,0.2,0.99729973,0.909990999,0.908190819,0,9.50026831,9.128124138
0,0.9,20,10,8,0.2,"[128, 512, 512]",relu,FALSE,adam,mse,"[64, 128]",relu,FALSE,adam,binary_crossentropy,0.2,0.99909991,0.908190819,0.907290729,0,9.37070676,9.139193708
0,0.9,20,10,8,0.2,"[256, 64, 64]",relu,FALSE,adam,mse,"[64, 128]",relu,FALSE,adam,binary_crossentropy,0.2,0.99819982,0.910891089,0.909090909,0.000990099,9.772264315,9.491571169
0,0.9,20,10,8,0.2,"[256, 64, 128]",relu,FALSE,adam,mse,"[64, 128]",relu,FALSE,adam,binary_crossentropy,0.2,0.99819982,0.910891089,0.909990999,0,10.56620168,10.27766582
0,0.9,20,10,8,0.2,"[256, 64, 256]",relu,FALSE,adam,mse,"[64, 128]",relu,FALSE,adam,binary_crossentropy,0.2,1,0.927092709,0.927092709,0,9.986651629,9.804182604
0,0.9,20,10,8,0.2,"[256, 64, 512]",relu,FALSE,adam,mse,"[64, 128]",relu,FALSE,adam,binary_crossentropy,0.2,0.99639964,0.911791179,0.909990999,0.00098912,10.33289975,10.09578722
0,0.9,20,10,8,0.2,"[256, 128, 64]",relu,FALSE,adam,mse,"[64, 128]",relu,FALSE,adam,binary_crossentropy,0.2,0.99549955,0.904590459,0.902790279,0,9.75999172,9.450819536
0,0.9,20,10,8,0.2,"[256, 128, 128]",relu,FALSE,adam,mse,"[64, 128]",relu,FALSE,adam,binary_crossentropy,0.2,0.99549955,0.913591359,0.913591359,0.000985222,10.73857757,10.42080402
0,0.9,20,10,8,0.2,"[256, 128, 256]",relu,FALSE,adam,mse,"[64, 128]",relu,FALSE,adam,binary_crossentropy,0.2,0.99459946,0.907290729,0.904590459,0,10.23846639,9.920984023
0,0.9,20,10,8,0.2,"[256, 128, 512]",relu,FALSE,adam,mse,"[64, 128]",relu,FALSE,adam,binary_crossentropy,0.2,0.99729973,0.906390639,0.904590459,0,9.676126818,9.386817237
0,0.9,20,10,8,0.2,"[256, 256, 64]",relu,FALSE,adam,mse,"[64, 128]",relu,FALSE,adam,binary_crossentropy,0.2,0.99729973,0.904590459,0.903690369,0.000996016,9.665935062,9.398625104
0,0.9,20,10,8,0.2,"[256, 256, 128]",relu,FALSE,adam,mse,"[64, 128]",relu,FALSE,adam,binary_crossentropy,0.2,0.99909991,0.903690369,0.903690369,0,9.753464025,9.468348629
0,0.9,20,10,8,0.2,"[256, 256, 256]",relu,FALSE,adam,mse,"[64, 128]",relu,FALSE,adam,binary_crossentropy,0.2,0.99909991,0.904590459,0.904590459,0,9.611924392,9.307832576
0,0.9,20,10,8,0.2,"[256, 256, 512]",relu,FALSE,adam,mse,"[64, 128]",relu,FALSE,adam,binary_crossentropy,0.2,0.99639964,0.919891989,0.916291629,0.010805501,10.10489973,9.915166505
0,0.9,20,10,8,0.2,"[256, 512, 64]",relu,FALSE,adam,mse,"[64, 128]",relu,FALSE,adam,binary_crossentropy,0.2,1,0.905490549,0.905490549,0,9.880506819,9.50323636
0,0.9,20,10,8,0.2,"[256, 512, 128]",relu,FALSE,adam,mse,"[64, 128]",relu,FALSE,adam,binary_crossentropy,0.2,0.99819982,0.911791179,0.910891089,0,10.51047257,10.21479858
0,0.9,20,10,8,0.2,"[256, 512, 256]",relu,FALSE,adam,mse,"[64, 128]",relu,FALSE,adam,binary_crossentropy,0.2,0.99279928,0.908190819,0.905490549,0,9.87879226,9.579586843
0,0.9,20,10,8,0.2,"[256, 512, 512]",relu,FALSE,adam,mse,"[64, 128]",relu,FALSE,adam,binary_crossentropy,0.2,0.99909991,0.898289829,0.898289829,0,9.413770449,9.171951653
0,0.9,20,10,8,0.2,"[512, 64, 64]",relu,FALSE,adam,mse,"[64, 128]",relu,FALSE,adam,binary_crossentropy,0.2,0.99549955,0.924392439,0.922592259,0,10.48135925,10.18199129
0,0.9,20,10,8,0.2,"[512, 64, 128]",relu,FALSE,adam,mse,"[64, 128]",relu,FALSE,adam,binary_crossentropy,0.2,1,0.900990099,0.900990099,0.000999001,9.819364603,9.472126692
0,0.9,20,10,8,0.2,"[512, 64, 256]",relu,FALSE,adam,mse,"[64, 128]",relu,FALSE,adam,binary_crossentropy,0.2,0.99909991,0.918991899,0.918991899,0,10.4092867,10.15014881
0,0.9,20,10,8,0.2,"[512, 64, 512]",relu,FALSE,adam,mse,"[64, 128]",relu,FALSE,adam,binary_crossentropy,0.2,0.99729973,0.903690369,0.903690369,0,10.94561504,10.49017601
0,0.9,20,10,8,0.2,"[512, 128, 64]",relu,FALSE,adam,mse,"[64, 128]",relu,FALSE,adam,binary_crossentropy,0.2,0.99639964,0.909990999,0.909090909,0,9.787915702,9.513154901
0,0.9,20,10,8,0.2,"[512, 128, 128]",relu,FALSE,adam,mse,"[64, 128]",relu,FALSE,adam,binary_crossentropy,0.2,0.99909991,0.928892889,0.928892889,0.00872093,10.07136264,9.90493778
0,0.9,20,10,8,0.2,"[512, 128, 256]",relu,FALSE,adam,mse,"[64, 128]",relu,FALSE,adam,binary_crossentropy,0.2,0.99819982,0.913591359,0.912691269,0.004930966,10.72554091,10.38841197
0,0.9,20,10,8,0.2,"[512, 128, 512]",relu,FALSE,adam,mse,"[64, 128]",relu,FALSE,adam,binary_crossentropy,0.2,0.99729973,0.904590459,0.903690369,0,9.899594787,9.679802367
0,0.9,20,10,8,0.2,"[512, 256, 64]",relu,FALSE,adam,mse,"[64, 128]",relu,FALSE,adam,binary_crossentropy,0.2,0.99729973,0.908190819,0.906390639,0,9.648826464,9.418646599
0,0.9,20,10,8,0.2,"[512, 256, 128]",relu,FALSE,adam,mse,"[64, 128]",relu,FALSE,adam,binary_crossentropy,0.2,0.99909991,0.905490549,0.904590459,0,9.681113248,9.410166973
0,0.9,20,10,8,0.2,"[512, 256, 256]",relu,FALSE,adam,mse,"[64, 128]",relu,FALSE,adam,binary_crossentropy,0.2,0.99909991,0.910891089,0.910891089,0.000988142,10.61899995,10.27462989
0,0.9,20,10,8,0.2,"[512, 256, 512]",relu,FALSE,adam,mse,"[64, 128]",relu,FALSE,adam,binary_crossentropy,0.2,1,0.909090909,0.909090909,0,9.537769444,9.302382069
0,0.9,20,10,8,0.2,"[512, 512, 64]",relu,FALSE,adam,mse,"[64, 128]",relu,FALSE,adam,binary_crossentropy,0.2,0.99819982,0.909090909,0.907290729,0,9.982465184,9.691488232
0,0.9,20,10,8,0.2,"[512, 512, 128]",relu,FALSE,adam,mse,"[64, 128]",relu,FALSE,adam,binary_crossentropy,0.2,0.99549955,0.916291629,0.912691269,0.000986193,10.09384222,9.840500528
0,0.9,20,10,8,0.2,"[512, 512, 256]",relu,FALSE,adam,mse,"[64, 128]",relu,FALSE,adam,binary_crossentropy,0.2,0.99729973,0.912691269,0.910891089,0,10.15784084,9.676888952
0,0.9,20,10,8,0.2,"[512, 512, 512]",relu,FALSE,adam,mse,"[64, 128]",relu,FALSE,adam,binary_crossentropy,0.2,0.99639964,0.939693969,0.938793879,0,9.959732133,9.762387364
0,0.9,20,10,8,0.2,"[64, 64, 64, 64]",relu,FALSE,adam,mse,"[64, 128]",relu,FALSE,adam,binary_crossentropy,0.2,0.99729973,0.902790279,0.902790279,0,10.17526342,9.902121808
0,0.9,20,10,8,0.2,"[64, 64, 64, 128]",relu,FALSE,adam,mse,"[64, 128]",relu,FALSE,adam,binary_crossentropy,0.2,0.99459946,0.924392439,0.919891989,0.000978474,10.27907501,9.905990502
0,0.9,20,10,8,0.2,"[64, 64, 64, 256]",relu,FALSE,adam,mse,"[64, 128]",relu,FALSE,adam,binary_crossentropy,0.2,0.99819982,0.925292529,0.925292529,0,10.19829608,9.943537215
0,0.9,20,10,8,0.2,"[64, 64, 64, 512]",relu,FALSE,adam,mse,"[64, 128]",relu,FALSE,adam,binary_crossentropy,0.2,1,0.916291629,0.916291629,0.000982318,10.56785946,10.04221151
0,0.9,20,10,8,0.2,"[64, 64, 128, 64]",relu,FALSE,adam,mse,"[64, 128]",relu,FALSE,adam,binary_crossentropy,0.2,0.99909991,0.922592259,0.921692169,0.001953125,10.93299152,10.64635239
0,0.9,20,10,8,0.2,"[64, 64, 128, 128]",relu,FALSE,adam,mse,"[64, 128]",relu,FALSE,adam,binary_crossentropy,0.2,1,0.920792079,0.920792079,0.000977517,10.32711792,9.971713056
0,0.9,20,10,8,0.2,"[64, 64, 128, 256]",relu,FALSE,adam,mse,"[64, 128]",relu,FALSE,adam,binary_crossentropy,0.2,0.99369937,0.919891989,0.914491449,0.001968504,10.09580358,9.823091014
0,0.9,20,10,8,0.2,"[64, 64, 128, 512]",relu,FALSE,adam,mse,"[64, 128]",relu,FALSE,adam,binary_crossentropy,0.2,0.99909991,0.909990999,0.909090909,0,10.21693046,9.899421134
0,0.9,20,10,8,0.2,"[64, 64, 256, 64]",relu,FALSE,adam,mse,"[64, 128]",relu,FALSE,adam,binary_crossentropy,0.2,0.99639964,0.922592259,0.920792079,0,9.929297294,9.58589332
0,0.9,20,10,8,0.2,"[64, 64, 256, 128]",relu,FALSE,adam,mse,"[64, 128]",relu,FALSE,adam,binary_crossentropy,0.2,0.99729973,0.914491449,0.912691269,0.00887574,10.44491907,10.03385455
0,0.9,20,10,8,0.2,"[64, 64, 256, 256]",relu,FALSE,adam,mse,"[64, 128]",relu,FALSE,adam,binary_crossentropy,0.2,0.99369937,0.910891089,0.905490549,0.000994036,9.517534057,9.251263531
0,0.9,20,10,8,0.2,"[64, 64, 256, 512]",relu,FALSE,adam,mse,"[64, 128]",relu,FALSE,adam,binary_crossentropy,0.2,0.99729973,0.930693069,0.929792979,0,8.986393177,8.647936388
0,0.9,20,10,8,0.2,"[64, 64, 512, 64]",relu,FALSE,adam,mse,"[64, 128]",relu,FALSE,adam,binary_crossentropy,0.2,0.99279928,0.911791179,0.910891089,0,9.746453083,9.609025558
0,0.9,20,10,8,0.2,"[64, 64, 512, 128]",relu,FALSE,adam,mse,"[64, 128]",relu,FALSE,adam,binary_crossentropy,0.2,0.99639964,0.907290729,0.905490549,0,9.823465422,9.684702403
0,0.9,20,10,8,0.2,"[64, 64, 512, 256]",relu,FALSE,adam,mse,"[64, 128]",relu,FALSE,adam,binary_crossentropy,0.2,0.99549955,0.912691269,0.909090909,0,9.720553205,9.451294229
0,0.9,20,10,8,0.2,"[64, 64, 512, 512]",relu,FALSE,adam,mse,"[64, 128]",relu,FALSE,adam,binary_crossentropy,0.2,0.99729973,0.924392439,0.923492349,0.004873294,10.38824013,10.14170549
0,0.9,20,10,8,0.2,"[64, 128, 64, 64]",relu,FALSE,adam,mse,"[64, 128]",relu,FALSE,adam,binary_crossentropy,0.2,1,0.913591359,0.913591359,0,10.41177331,10.20369521
0,0.9,20,10,8,0.2,"[64, 128, 64, 128]",relu,FALSE,adam,mse,"[64, 128]",relu,FALSE,adam,binary_crossentropy,0.2,0.99729973,0.910891089,0.909090909,0,9.893690317,9.56637324
0,0.9,20,10,8,0.2,"[64, 128, 64, 256]",relu,FALSE,adam,mse,"[64, 128]",relu,FALSE,adam,binary_crossentropy,0.2,0.99459946,0.912691269,0.911791179,0,10.06611912,9.879124086
0,0.9,20,10,8,0.2,"[64, 128, 64, 512]",relu,FALSE,adam,mse,"[64, 128]",relu,FALSE,adam,binary_crossentropy,0.2,1,0.927992799,0.927992799,0.002909796,11.03940382,10.77694668
0,0.9,20,10,8,0.2,"[64, 128, 128, 64]",relu,FALSE,adam,mse,"[64, 128]",relu,FALSE,adam,binary_crossentropy,0.2,0.99909991,0.918091809,0.918091809,0,10.21551973,9.89627085
0,0.9,20,10,8,0.2,"[64, 128, 128, 128]",relu,FALSE,adam,mse,"[64, 128]",relu,FALSE,adam,binary_crossentropy,0.2,0.99549955,0.896489649,0.892889289,0,10.50671416,10.06439653
0,0.9,20,10,8,0.2,"[64, 128, 128, 256]",relu,FALSE,adam,mse,"[64, 128]",relu,FALSE,adam,binary_crossentropy,0.2,0.99639964,0.912691269,0.909990999,0,10.20391315,9.975940403
0,0.9,20,10,8,0.2,"[64, 128, 128, 512]",relu,FALSE,adam,mse,"[64, 128]",relu,FALSE,adam,binary_crossentropy,0.2,0.99549955,0.920792079,0.919891989,0,10.31225581,9.985343871
0,0.9,20,10,8,0.2,"[64, 128, 256, 64]",relu,FALSE,adam,mse,"[64, 128]",relu,FALSE,adam,binary_crossentropy,0.2,0.99909991,0.922592259,0.922592259,0,9.672024792,9.315624509
0,0.9,20,10,8,0.2,"[64, 128, 256, 128]",relu,FALSE,adam,mse,"[64, 128]",relu,FALSE,adam,binary_crossentropy,0.2,0.99459946,0.921692169,0.918991899,0.000979432,9.3319102,8.881209679
0,0.9,20,10,8,0.2,"[64, 128, 256, 256]",relu,FALSE,adam,mse,"[64, 128]",relu,FALSE,adam,binary_crossentropy,0.2,0.99369937,0.909990999,0.905490549,0.000994036,9.483513556,9.240693725
0,0.9,20,10,8,0.2,"[64, 128, 256, 512]",relu,FALSE,adam,mse,"[64, 128]",relu,FALSE,adam,binary_crossentropy,0.2,0.99909991,0.892889289,0.892889289,0,9.649954624,9.483237825
0,0.9,20,10,8,0.2,"[64, 128, 512, 64]",relu,FALSE,adam,mse,"[64, 128]",relu,FALSE,adam,binary_crossentropy,0.2,0.99819982,0.927992799,0.927092709,0.011650485,10.33233863,10.0311569
0,0.9,20,10,8,0.2,"[64, 128, 512, 128]",relu,FALSE,adam,mse,"[64, 128]",relu,FALSE,adam,binary_crossentropy,0.2,0.99729973,0.900090009,0.899189919,0,9.656016912,9.473639739
0,0.9,20,10,8,0.2,"[64, 128, 512, 256]",relu,FALSE,adam,mse,"[64, 128]",relu,FALSE,adam,binary_crossentropy,0.2,0.99549955,0.909990999,0.907290729,0,9.303639809,8.977022227
0,0.9,20,10,8,0.2,"[64, 128, 512, 512]",relu,FALSE,adam,mse,"[64, 128]",relu,FALSE,adam,binary_crossentropy,0.2,0.99549955,0.900090009,0.898289829,0,9.781991054,9.584832508
0,0.9,20,10,8,0.2,"[64, 256, 64, 64]",relu,FALSE,adam,mse,"[64, 128]",relu,FALSE,adam,binary_crossentropy,0.2,0.99909991,0.913591359,0.912691269,0,9.953283536,9.65658812
0,0.9,20,10,8,0.2,"[64, 256, 64, 128]",relu,FALSE,adam,mse,"[64, 128]",relu,FALSE,adam,binary_crossentropy,0.2,0.99549955,0.916291629,0.912691269,0,10.37161936,10.09316556
0,0.9,20,10,8,0.2,"[64, 256, 64, 256]",relu,FALSE,adam,mse,"[64, 128]",relu,FALSE,adam,binary_crossentropy,0.2,0.99639964,0.909090909,0.905490549,0.000994036,9.619382754,9.320450313
0,0.9,20,10,8,0.2,"[64, 256, 64, 512]",relu,FALSE,adam,mse,"[64, 128]",relu,FALSE,adam,binary_crossentropy,0.2,0.99909991,0.909090909,0.909090909,0,9.756356307,9.349109069
0,0.9,20,10,8,0.2,"[64, 256, 128, 64]",relu,FALSE,adam,mse,"[64, 128]",relu,FALSE,adam,binary_crossentropy,0.2,0.99909991,0.922592259,0.922592259,0.002926829,9.622549051,9.517128097
0,0.9,20,10,8,0.2,"[64, 256, 128, 128]",relu,FALSE,adam,mse,"[64, 128]",relu,FALSE,adam,binary_crossentropy,0.2,0.99639964,0.907290729,0.906390639,0.004965243,10.26514516,9.874487321
0,0.9,20,10,8,0.2,"[64, 256, 128, 256]",relu,FALSE,adam,mse,"[64, 128]",relu,FALSE,adam,binary_crossentropy,0.2,0.99819982,0.912691269,0.910891089,0.002964427,9.729141428,9.482534942
0,0.9,20,10,8,0.2,"[64, 256, 128, 512]",relu,FALSE,adam,mse,"[64, 128]",relu,FALSE,adam,binary_crossentropy,0.2,0.99729973,0.918991899,0.917191719,0,9.805839939,9.547695187
0,0.9,20,10,8,0.2,"[64, 256, 256, 64]",relu,FALSE,adam,mse,"[64, 128]",relu,FALSE,adam,binary_crossentropy,0.2,0.99909991,0.907290729,0.907290729,0,9.47548715,9.237375014
0,0.9,20,10,8,0.2,"[64, 256, 256, 128]",relu,FALSE,adam,mse,"[64, 128]",relu,FALSE,adam,binary_crossentropy,0.2,1,0.920792079,0.920792079,0,9.672795287,9.379751286
0,0.9,20,10,8,0.2,"[64, 256, 256, 256]",relu,FALSE,adam,mse,"[64, 128]",relu,FALSE,adam,binary_crossentropy,0.2,0.99459946,0.912691269,0.909990999,0,9.921345711,9.564047584
0,0.9,20,10,8,0.2,"[64, 256, 256, 512]",relu,FALSE,adam,mse,"[64, 128]",relu,FALSE,adam,binary_crossentropy,0.2,0.99909991,0.916291629,0.915391539,0,9.577117131,9.298599021
0,0.9,20,10,8,0.2,"[64, 256, 512, 64]",relu,FALSE,adam,mse,"[64, 128]",relu,FALSE,adam,binary_crossentropy,0.2,0.99369937,0.918091809,0.917191719,0.001962709,9.578809835,9.33592381
0,0.9,20,10,8,0.2,"[64, 256, 512, 128]",relu,FALSE,adam,mse,"[64, 128]",relu,FALSE,adam,binary_crossentropy,0.2,0.99819982,0.913591359,0.912691269,0,9.574025885,9.248824667
0,0.9,20,10,8,0.2,"[64, 256, 512, 256]",relu,FALSE,adam,mse,"[64, 128]",relu,FALSE,adam,binary_crossentropy,0.2,0.99549955,0.894689469,0.891089109,0,9.408365849,9.037848813
0,0.9,20,10,8,0.2,"[64, 256, 512, 512]",relu,FALSE,adam,mse,"[64, 128]",relu,FALSE,adam,binary_crossentropy,0.2,0.99189919,0.908190819,0.905490549,0,9.791999466,9.252759219
0,0.9,20,10,8,0.2,"[64, 512, 64, 64]",relu,FALSE,adam,mse,"[64, 128]",relu,FALSE,adam,binary_crossentropy,0.2,0.99639964,0.923492349,0.921692169,0,9.565129453,9.349565941
0,0.9,20,10,8,0.2,"[64, 512, 64, 128]",relu,FALSE,adam,mse,"[64, 128]",relu,FALSE,adam,binary_crossentropy,0.2,0.99819982,0.927092709,0.926192619,0,9.91664513,9.614686925
0,0.9,20,10,8,0.2,"[64, 512, 64, 256]",relu,FALSE,adam,mse,"[64, 128]",relu,FALSE,adam,binary_crossentropy,0.2,0.99639964,0.911791179,0.909990999,0,9.784540639,9.35437629
0,0.9,20,10,8,0.2,"[64, 512, 64, 512]",relu,FALSE,adam,mse,"[64, 128]",relu,FALSE,adam,binary_crossentropy,0.2,0.99729973,0.906390639,0.905490549,0,9.709021685,9.526009403
0,0.9,20,10,8,0.2,"[64, 512, 128, 64]",relu,FALSE,adam,mse,"[64, 128]",relu,FALSE,adam,binary_crossentropy,0.2,0.99279928,0.909990999,0.904590459,0,9.471543233,9.223784425
0,0.9,20,10,8,0.2,"[64, 512, 128, 128]",relu,FALSE,adam,mse,"[64, 128]",relu,FALSE,adam,binary_crossentropy,0.2,0.99909991,0.907290729,0.907290729,0,9.936155319,9.603206228
0,0.9,20,10,8,0.2,"[64, 512, 128, 256]",relu,FALSE,adam,mse,"[64, 128]",relu,FALSE,adam,binary_crossentropy,0.2,0.99909991,0.905490549,0.904590459,0,9.52303573,9.153149696
0,0.9,20,10,8,0.2,"[64, 512, 128, 512]",relu,FALSE,adam,mse,"[64, 128]",relu,FALSE,adam,binary_crossentropy,0.2,0.99819982,0.921692169,0.919891989,0.003913894,10.00001649,9.743782614
0,0.9,20,10,8,0.2,"[64, 512, 256, 64]",relu,FALSE,adam,mse,"[64, 128]",relu,FALSE,adam,binary_crossentropy,0.2,0.99639964,0.912691269,0.910891089,0,9.606378103,9.413066888
0,0.9,20,10,8,0.2,"[64, 512, 256, 128]",relu,FALSE,adam,mse,"[64, 128]",relu,FALSE,adam,binary_crossentropy,0.2,0.99819982,0.900990099,0.900090009,0.001,9.545858872,9.140724173
0,0.9,20,10,8,0.2,"[64, 512, 256, 256]",relu,FALSE,adam,mse,"[64, 128]",relu,FALSE,adam,binary_crossentropy,0.2,0.99729973,0.915391539,0.915391539,0,9.656050168,9.383254948
0,0.9,20,10,8,0.2,"[64, 512, 256, 512]",relu,FALSE,adam,mse,"[64, 128]",relu,FALSE,adam,binary_crossentropy,0.2,0.99459946,0.894689469,0.892889289,0,9.785471362,9.492891555
0,0.9,20,10,8,0.2,"[64, 512, 512, 64]",relu,FALSE,adam,mse,"[64, 128]",relu,FALSE,adam,binary_crossentropy,0.2,0.99729973,0.917191719,0.915391539,0,9.689251311,9.401615882
0,0.9,20,10,8,0.2,"[64, 512, 512, 128]",relu,FALSE,adam,mse,"[64, 128]",relu,FALSE,adam,binary_crossentropy,0.2,0.99909991,0.894689469,0.893789379,0,8.907906449,8.730797423
0,0.9,20,10,8,0.2,"[64, 512, 512, 256]",relu,FALSE,adam,mse,"[64, 128]",relu,FALSE,adam,binary_crossentropy,0.2,0.99729973,0.901890189,0.901890189,0,9.106520938,8.878127597
0,0.9,20,10,8,0.2,"[64, 512, 512, 512]",relu,FALSE,adam,mse,"[64, 128]",relu,FALSE,adam,binary_crossentropy,0.2,0.99729973,0.907290729,0.905490549,0.000994036,9.526654263,9.269208841
0,0.9,20,10,8,0.2,"[128, 64, 64, 64]",relu,FALSE,adam,mse,"[64, 128]",relu,FALSE,adam,binary_crossentropy,0.2,1,0.924392439,0.924392439,0,10.25718224,9.882041415
0,0.9,20,10,8,0.2,"[128, 64, 64, 128]",relu,FALSE,adam,mse,"[64, 128]",relu,FALSE,adam,binary_crossentropy,0.2,0.99819982,0.908190819,0.907290729,0,10.36590282,10.13594945
0,0.9,20,10,8,0.2,"[128, 64, 64, 256]",relu,FALSE,adam,mse,"[64, 128]",relu,FALSE,adam,binary_crossentropy,0.2,0.99909991,0.915391539,0.914491449,0,9.911574777,9.587898424
0,0.9,20,10,8,0.2,"[128, 64, 64, 512]",relu,FALSE,adam,mse,"[64, 128]",relu,FALSE,adam,binary_crossentropy,0.2,0.99909991,0.928892889,0.927992799,0.002909796,10.52974007,10.17410816
0,0.9,20,10,8,0.2,"[128, 64, 128, 64]",relu,FALSE,adam,mse,"[64, 128]",relu,FALSE,adam,binary_crossentropy,0.2,0.99909991,0.917191719,0.917191719,0,9.747663514,9.428115762
0,0.9,20,10,8,0.2,"[128, 64, 128, 128]",relu,FALSE,adam,mse,"[64, 128]",relu,FALSE,adam,binary_crossentropy,0.2,0.99819982,0.912691269,0.912691269,0,9.952104696,9.533191684
0,0.9,20,10,8,0.2,"[128, 64, 128, 256]",relu,FALSE,adam,mse,"[64, 128]",relu,FALSE,adam,binary_crossentropy,0.2,0.99729973,0.918991899,0.917191719,0,9.787956529,9.558386313
0,0.9,20,10,8,0.2,"[128, 64, 128, 512]",relu,FALSE,adam,mse,"[64, 128]",relu,FALSE,adam,binary_crossentropy,0.2,0.99729973,0.900990099,0.900090009,0,9.947952701,9.731572566
0,0.9,20,10,8,0.2,"[128, 64, 256, 64]",relu,FALSE,adam,mse,"[64, 128]",relu,FALSE,adam,binary_crossentropy,0.2,0.99729973,0.909990999,0.907290729,0,10.42835978,10.15474138
0,0.9,20,10,8,0.2,"[128, 64, 256, 128]",relu,FALSE,adam,mse,"[64, 128]",relu,FALSE,adam,binary_crossentropy,0.2,0.99729973,0.900990099,0.900990099,0.000999001,9.611597795,9.361767244
0,0.9,20,10,8,0.2,"[128, 64, 256, 256]",relu,FALSE,adam,mse,"[64, 128]",relu,FALSE,adam,binary_crossentropy,0.2,0.99639964,0.909990999,0.908190819,0.001982161,9.803514926,9.544390334
0,0.9,20,10,8,0.2,"[128, 64, 256, 512]",relu,FALSE,adam,mse,"[64, 128]",relu,FALSE,adam,binary_crossentropy,0.2,0.99909991,0.911791179,0.910891089,0,9.963707115,9.666192657
0,0.9,20,10,8,0.2,"[128, 64, 512, 64]",relu,FALSE,adam,mse,"[64, 128]",relu,FALSE,adam,binary_crossentropy,0.2,0.98649865,0.918091809,0.909090909,0,9.829387482,9.405206622
0,0.9,20,10,8,0.2,"[128, 64, 512, 128]",relu,FALSE,adam,mse,"[64, 128]",relu,FALSE,adam,binary_crossentropy,0.2,0.99909991,0.916291629,0.915391539,0.001966568,10.44261089,10.20570874
0,0.9,20,10,8,0.2,"[128, 64, 512, 256]",relu,FALSE,adam,mse,"[64, 128]",relu,FALSE,adam,binary_crossentropy,0.2,0.99549955,0.901890189,0.900090009,0,9.285174891,9.089969928
0,0.9,20,10,8,0.2,"[128, 64, 512, 512]",relu,FALSE,adam,mse,"[64, 128]",relu,FALSE,adam,binary_crossentropy,0.2,0.99549955,0.918091809,0.914491449,0,10.26022706,10.0241996
0,0.9,20,10,8,0.2,"[128, 128, 64, 64]",relu,FALSE,adam,mse,"[64, 128]",relu,FALSE,adam,binary_crossentropy,0.2,1,0.914491449,0.914491449,0,10.1651715,9.834188121
0,0.9,20,10,8,0.2,"[128, 128, 64, 128]",relu,FALSE,adam,mse,"[64, 128]",relu,FALSE,adam,binary_crossentropy,0.2,0.99909991,0.925292529,0.925292529,0.003891051,9.847035773,9.402401564
0,0.9,20,10,8,0.2,"[128, 128, 64, 256]",relu,FALSE,adam,mse,"[64, 128]",relu,FALSE,adam,binary_crossentropy,0.2,0.99909991,0.919891989,0.919891989,0,10.718646,10.25881268
0,0.9,20,10,8,0.2,"[128, 128, 64, 512]",relu,FALSE,adam,mse,"[64, 128]",relu,FALSE,adam,binary_crossentropy,0.2,0.99549955,0.917191719,0.916291629,0,9.967489814,9.654195957
0,0.9,20,10,8,0.2,"[128, 128, 128, 64]",relu,FALSE,adam,mse,"[64, 128]",relu,FALSE,adam,binary_crossentropy,0.2,0.99729973,0.913591359,0.911791179,0.001974334,10.13124818,9.779799633
0,0.9,20,10,8,0.2,"[128, 128, 128, 128]",relu,FALSE,adam,mse,"[64, 128]",relu,FALSE,adam,binary_crossentropy,0.2,0.99729973,0.900990099,0.900090009,0,9.376904075,9.05331107
0,0.9,20,10,8,0.2,"[128, 128, 128, 256]",relu,FALSE,adam,mse,"[64, 128]",relu,FALSE,adam,binary_crossentropy,0.2,0.99729973,0.918091809,0.917191719,0,10.12816857,9.879275099
0,0.9,20,10,8,0.2,"[128, 128, 128, 512]",relu,FALSE,adam,mse,"[64, 128]",relu,FALSE,adam,binary_crossentropy,0.2,0.99819982,0.917191719,0.915391539,0.007866273,9.865067278,9.741395684
0,0.9,20,10,8,0.2,"[128, 128, 256, 64]",relu,FALSE,adam,mse,"[64, 128]",relu,FALSE,adam,binary_crossentropy,0.2,0.99819982,0.894689469,0.892889289,0,9.298366886,9.056242026
0,0.9,20,10,8,0.2,"[128, 128, 256, 128]",relu,FALSE,adam,mse,"[64, 128]",relu,FALSE,adam,binary_crossentropy,0.2,1,0.918991899,0.918991899,0,9.625876779,9.289742932
0,0.9,20,10,8,0.2,"[128, 128, 256, 256]",relu,FALSE,adam,mse,"[64, 128]",relu,FALSE,adam,binary_crossentropy,0.2,0.99279928,0.908190819,0.904590459,0.00199005,10.29994863,10.1470889
0,0.9,20,10,8,0.2,"[128, 128, 256, 512]",relu,FALSE,adam,mse,"[64, 128]",relu,FALSE,adam,binary_crossentropy,0.2,0.99549955,0.921692169,0.921692169,0,9.634724979,9.341819138
0,0.9,20,10,8,0.2,"[128, 128, 512, 64]",relu,FALSE,adam,mse,"[64, 128]",relu,FALSE,adam,binary_crossentropy,0.2,0.99549955,0.904590459,0.900990099,0,9.424790321,9.238086631
0,0.9,20,10,8,0.2,"[128, 128, 512, 128]",relu,FALSE,adam,mse,"[64, 128]",relu,FALSE,adam,binary_crossentropy,0.2,0.99639964,0.918991899,0.917191719,0.000981354,9.597919689,9.31080375
0,0.9,20,10,8,0.2,"[128, 128, 512, 256]",relu,FALSE,adam,mse,"[64, 128]",relu,FALSE,adam,binary_crossentropy,0.2,0.99819982,0.917191719,0.917191719,0,9.501816962,9.162805928
0,0.9,20,10,8,0.2,"[128, 128, 512, 512]",relu,FALSE,adam,mse,"[64, 128]",relu,FALSE,adam,binary_crossentropy,0.2,0.99729973,0.912691269,0.911791179,0.001974334,9.631586875,9.405791284
0,0.9,20,10,8,0.2,"[128, 256, 64, 64]",relu,FALSE,adam,mse,"[64, 128]",relu,FALSE,adam,binary_crossentropy,0.2,0.99819982,0.900990099,0.900090009,0,9.708982491,9.394204577
0,0.9,20,10,8,0.2,"[128, 256, 64, 128]",relu,FALSE,adam,mse,"[64, 128]",relu,FALSE,adam,binary_crossentropy,0.2,0.99009901,0.926192619,0.926192619,0.000971817,9.712579713,9.338004423
0,0.9,20,10,8,0.2,"[128, 256, 64, 256]",relu,FALSE,adam,mse,"[64, 128]",relu,FALSE,adam,binary_crossentropy,0.2,0.99909991,0.909990999,0.909990999,0,9.6258873,9.403216186
0,0.9,20,10,8,0.2,"[128, 256, 64, 512]",relu,FALSE,adam,mse,"[64, 128]",relu,FALSE,adam,binary_crossentropy,0.2,0.99819982,0.905490549,0.905490549,0,9.765329848,9.549863243
0,0.9,20,10,8,0.2,"[128, 256, 128, 64]",relu,FALSE,adam,mse,"[64, 128]",relu,FALSE,adam,binary_crossentropy,0.2,0.99909991,0.915391539,0.915391539,0.000983284,9.815601025,9.627290613
0,0.9,20,10,8,0.2,"[128, 256, 128, 128]",relu,FALSE,adam,mse,"[64, 128]",relu,FALSE,adam,binary_crossentropy,0.2,0.99279928,0.924392439,0.920792079,0,9.801576482,9.439805271
0,0.9,20,10,8,0.2,"[128, 256, 128, 256]",relu,FALSE,adam,mse,"[64, 128]",relu,FALSE,adam,binary_crossentropy,0.2,1,0.909990999,0.909990999,0,9.410021804,9.143863303
0,0.9,20,10,8,0.2,"[128, 256, 128, 512]",relu,FALSE,adam,mse,"[64, 128]",relu,FALSE,adam,binary_crossentropy,0.2,0.99909991,0.908190819,0.907290729,0.001984127,9.882613756,9.738722084
0,0.9,20,10,8,0.2,"[128, 256, 256, 64]",relu,FALSE,adam,mse,"[64, 128]",relu,FALSE,adam,binary_crossentropy,0.2,0.99639964,0.916291629,0.914491449,0.000984252,9.646410835,9.370712455
0,0.9,20,10,8,0.2,"[128, 256, 256, 128]",relu,FALSE,adam,mse,"[64, 128]",relu,FALSE,adam,binary_crossentropy,0.2,0.99639964,0.907290729,0.907290729,0,9.735140628,9.428564226
0,0.9,20,10,8,0.2,"[128, 256, 256, 256]",relu,FALSE,adam,mse,"[64, 128]",relu,FALSE,adam,binary_crossentropy,0.2,0.99729973,0.905490549,0.905490549,0.000994036,9.877231722,9.628405555
0,0.9,20,10,8,0.2,"[128, 256, 256, 512]",relu,FALSE,adam,mse,"[64, 128]",relu,FALSE,adam,binary_crossentropy,0.2,0.99819982,0.918991899,0.918991899,0.001958864,9.413043987,9.144444849
0,0.9,20,10,8,0.2,"[128, 256, 512, 64]",relu,FALSE,adam,mse,"[64, 128]",relu,FALSE,adam,binary_crossentropy,0.2,0.99639964,0.907290729,0.907290729,0,10.43318241,10.12806259
0,0.9,20,10,8,0.2,"[128, 256, 512, 128]",relu,FALSE,adam,mse,"[64, 128]",relu,FALSE,adam,binary_crossentropy,0.2,0.99909991,0.908190819,0.907290729,0,9.937609403,9.783429193
0,0.9,20,10,8,0.2,"[128, 256, 512, 256]",relu,FALSE,adam,mse,"[64, 128]",relu,FALSE,adam,binary_crossentropy,0.2,0.99729973,0.900090009,0.899189919,0,9.84476405,9.408098065
0,0.9,20,10,8,0.2,"[128, 256, 512, 512]",relu,FALSE,adam,mse,"[64, 128]",relu,FALSE,adam,binary_crossentropy,0.2,0.99819982,0.927992799,0.927092709,0.003883495,10.63438312,10.26067089
0,0.9,20,10,8,0.2,"[128, 512, 64, 64]",relu,FALSE,adam,mse,"[64, 128]",relu,FALSE,adam,binary_crossentropy,0.2,0.99909991,0.916291629,0.916291629,0,9.516733569,9.16489474
0,0.9,20,10,8,0.2,"[128, 512, 64, 128]",relu,FALSE,adam,mse,"[64, 128]",relu,FALSE,adam,binary_crossentropy,0.2,0.99819982,0.903690369,0.902790279,0,9.93686494,9.631846399
0,0.9,20,10,8,0.2,"[128, 512, 64, 256]",relu,FALSE,adam,mse,"[64, 128]",relu,FALSE,adam,binary_crossentropy,0.2,0.99819982,0.904590459,0.903690369,0,10.26540555,9.956931947
0,0.9,20,10,8,0.2,"[128, 512, 64, 512]",relu,FALSE,adam,mse,"[64, 128]",relu,FALSE,adam,binary_crossentropy,0.2,1,0.908190819,0.908190819,0,9.81874031,9.571284882
0,0.9,20,10,8,0.2,"[128, 512, 128, 64]",relu,FALSE,adam,mse,"[64, 128]",relu,FALSE,adam,binary_crossentropy,0.2,0.99729973,0.912691269,0.909990999,0,9.580475059,9.303713244
0,0.9,20,10,8,0.2,"[128, 512, 128, 128]",relu,FALSE,adam,mse,"[64, 128]",relu,FALSE,adam,binary_crossentropy,0.2,0.99819982,0.917191719,0.917191719,0,9.67207381,9.297627677
0,0.9,20,10,8,0.2,"[128, 512, 128, 256]",relu,FALSE,adam,mse,"[64, 128]",relu,FALSE,adam,binary_crossentropy,0.2,0.99549955,0.896489649,0.891989199,0,9.983364156,9.730164586
0,0.9,20,10,8,0.2,"[128, 512, 128, 512]",relu,FALSE,adam,mse,"[64, 128]",relu,FALSE,adam,binary_crossentropy,0.2,0.99909991,0.901890189,0.901890189,0,9.66209492,9.401431125
0,0.9,20,10,8,0.2,"[128, 512, 256, 64]",relu,FALSE,adam,mse,"[64, 128]",relu,FALSE,adam,binary_crossentropy,0.2,0.99549955,0.900990099,0.898289829,0.001002004,9.665471689,9.250214752
0,0.9,20,10,8,0.2,"[128, 512, 256, 128]",relu,FALSE,adam,mse,"[64, 128]",relu,FALSE,adam,binary_crossentropy,0.2,1,0.909990999,0.909990999,0,10.03610001,9.78251372
0,0.9,20,10,8,0.2,"[128, 512, 256, 256]",relu,FALSE,adam,mse,"[64, 128]",relu,FALSE,adam,binary_crossentropy,0.2,0.99819982,0.915391539,0.915391539,0,9.81423352,9.666378532
0,0.9,20,10,8,0.2,"[128, 512, 256, 512]",relu,FALSE,adam,mse,"[64, 128]",relu,FALSE,adam,binary_crossentropy,0.2,0.99819982,0.904590459,0.903690369,0,9.820313007,9.505845561
0,0.9,20,10,8,0.2,"[128, 512, 512, 64]",relu,FALSE,adam,mse,"[64, 128]",relu,FALSE,adam,binary_crossentropy,0.2,0.99729973,0.898289829,0.896489649,0,9.339930156,9.075447599
0,0.9,20,10,8,0.2,"[128, 512, 512, 128]",relu,FALSE,adam,mse,"[64, 128]",relu,FALSE,adam,binary_crossentropy,0.2,0.99909991,0.904590459,0.904590459,0.00199005,10.22125747,9.972389975
0,0.9,20,10,8,0.2,"[128, 512, 512, 256]",relu,FALSE,adam,mse,"[64, 128]",relu,FALSE,adam,binary_crossentropy,0.2,0.99909991,0.901890189,0.901890189,0,9.85931221,9.714947715
0,0.9,20,10,8,0.2,"[128, 512, 512, 512]",relu,FALSE,adam,mse,"[64, 128]",relu,FALSE,adam,binary_crossentropy,0.2,0.99729973,0.901890189,0.900990099,0,9.986068846,9.629870308
0,0.9,20,10,8,0.2,"[256, 64, 64, 64]",relu,FALSE,adam,mse,"[64, 128]",relu,FALSE,adam,binary_crossentropy,0.2,0.99909991,0.927992799,0.927992799,0.000969932,10.24913959,10.17299384
0,0.9,20,10,8,0.2,"[256, 64, 64, 128]",relu,FALSE,adam,mse,"[64, 128]",relu,FALSE,adam,binary_crossentropy,0.2,0.99729973,0.909990999,0.909090909,0.000990099,10.51584587,10.09721034
0,0.9,20,10,8,0.2,"[256, 64, 64, 256]",relu,FALSE,adam,mse,"[64, 128]",relu,FALSE,adam,binary_crossentropy,0.2,0.99729973,0.913591359,0.912691269,0.001972387,9.687365408,9.367372154
0,0.9,20,10,8,0.2,"[256, 64, 64, 512]",relu,FALSE,adam,mse,"[64, 128]",relu,FALSE,adam,binary_crossentropy,0.2,0.99819982,0.915391539,0.914491449,0.000984252,10.93649002,10.50271027
0,0.9,20,10,8,0.2,"[256, 64, 128, 64]",relu,FALSE,adam,mse,"[64, 128]",relu,FALSE,adam,binary_crossentropy,0.2,0.99639964,0.900990099,0.900990099,0.003996004,10.47170334,10.20584145
0,0.9,20,10,8,0.2,"[256, 64, 128, 128]",relu,FALSE,adam,mse,"[64, 128]",relu,FALSE,adam,binary_crossentropy,0.2,0.99279928,0.913591359,0.912691269,0,9.95442552,9.816401881
0,0.9,20,10,8,0.2,"[256, 64, 128, 256]",relu,FALSE,adam,mse,"[64, 128]",relu,FALSE,adam,binary_crossentropy,0.2,0.99909991,0.917191719,0.917191719,0,10.48397005,10.25548724
0,0.9,20,10,8,0.2,"[256, 64, 128, 512]",relu,FALSE,adam,mse,"[64, 128]",relu,FALSE,adam,binary_crossentropy,0.2,0.99909991,0.904590459,0.904590459,0,10.04279182,9.801667517
0,0.9,20,10,8,0.2,"[256, 64, 256, 64]",relu,FALSE,adam,mse,"[64, 128]",relu,FALSE,adam,binary_crossentropy,0.2,0.98109811,0.929792979,0.914491449,0,9.552302282,9.21796279
0,0.9,20,10,8,0.2,"[256, 64, 256, 128]",relu,FALSE,adam,mse,"[64, 128]",relu,FALSE,adam,binary_crossentropy,0.2,0.99819982,0.906390639,0.904590459,0.000995025,9.969530582,9.590298003
0,0.9,20,10,8,0.2,"[256, 64, 256, 256]",relu,FALSE,adam,mse,"[64, 128]",relu,FALSE,adam,binary_crossentropy,0.2,0.99909991,0.916291629,0.915391539,0.000983284,10.08180796,9.811038756
0,0.9,20,10,8,0.2,"[256, 64, 256, 512]",relu,FALSE,adam,mse,"[64, 128]",relu,FALSE,adam,binary_crossentropy,0.2,0.99639964,0.920792079,0.917191719,0,9.993816674,9.851605294
0,0.9,20,10,8,0.2,"[256, 64, 512, 64]",relu,FALSE,adam,mse,"[64, 128]",relu,FALSE,adam,binary_crossentropy,0.2,0.99639964,0.901890189,0.899189919,0,9.453582574,9.115050085
0,0.9,20,10,8,0.2,"[256, 64, 512, 128]",relu,FALSE,adam,mse,"[64, 128]",relu,FALSE,adam,binary_crossentropy,0.2,0.99909991,0.915391539,0.915391539,0,10.34786921,9.919753159
0,0.9,20,10,8,0.2,"[256, 64, 512, 256]",relu,FALSE,adam,mse,"[64, 128]",relu,FALSE,adam,binary_crossentropy,0.2,0.99459946,0.899189919,0.898289829,0,9.276306476,9.036673809
0,0.9,20,10,8,0.2,"[256, 64, 512, 512]",relu,FALSE,adam,mse,"[64, 128]",relu,FALSE,adam,binary_crossentropy,0.2,0.99459946,0.902790279,0.899189919,0,9.996359258,9.739354192
0,0.9,20,10,8,0.2,"[256, 128, 64, 64]",relu,FALSE,adam,mse,"[64, 128]",relu,FALSE,adam,binary_crossentropy,0.2,0.99819982,0.906390639,0.904590459,0.00199005,10.50311565,10.27826943
0,0.9,20,10,8,0.2,"[256, 128, 64, 128]",relu,FALSE,adam,mse,"[64, 128]",relu,FALSE,adam,binary_crossentropy,0.2,0.99729973,0.900090009,0.899189919,0,10.23631457,9.875221434
0,0.9,20,10,8,0.2,"[256, 128, 64, 256]",relu,FALSE,adam,mse,"[64, 128]",relu,FALSE,adam,binary_crossentropy,0.2,1,0.915391539,0.915391539,0,9.871003597,9.455765932
0,0.9,20,10,8,0.2,"[256, 128, 64, 512]",relu,FALSE,adam,mse,"[64, 128]",relu,FALSE,adam,binary_crossentropy,0.2,0.99279928,0.909990999,0.905490549,0,9.42457285,9.326126634
0,0.9,20,10,8,0.2,"[256, 128, 128, 64]",relu,FALSE,adam,mse,"[64, 128]",relu,FALSE,adam,binary_crossentropy,0.2,0.99729973,0.894689469,0.891989199,0,9.641988964,9.360267268
0,0.9,20,10,8,0.2,"[256, 128, 128, 128]",relu,FALSE,adam,mse,"[64, 128]",relu,FALSE,adam,binary_crossentropy,0.2,0.99729973,0.906390639,0.905490549,0,9.958491698,9.66952278
0,0.9,20,10,8,0.2,"[256, 128, 128, 256]",relu,FALSE,adam,mse,"[64, 128]",relu,FALSE,adam,binary_crossentropy,0.2,0.99369937,0.925292529,0.918991899,0,9.845931728,9.607119024
0,0.9,20,10,8,0.2,"[256, 128, 128, 512]",relu,FALSE,adam,mse,"[64, 128]",relu,FALSE,adam,binary_crossentropy,0.2,0.99729973,0.909990999,0.907290729,0.000992063,10.26677692,9.881273239
0,0.9,20,10,8,0.2,"[256, 128, 256, 64]",relu,FALSE,adam,mse,"[64, 128]",relu,FALSE,adam,binary_crossentropy,0.2,0.99639964,0.917191719,0.914491449,0,9.93323289,9.703880096
0,0.9,20,10,8,0.2,"[256, 128, 256, 128]",relu,FALSE,adam,mse,"[64, 128]",relu,FALSE,adam,binary_crossentropy,0.2,0.99909991,0.908190819,0.908190819,0,9.76849313,9.486279414
0,0.9,20,10,8,0.2,"[256, 128, 256, 256]",relu,FALSE,adam,mse,"[64, 128]",relu,FALSE,adam,binary_crossentropy,0.2,0.99819982,0.925292529,0.923492349,0.003898635,10.01544033,9.663100696
0,0.9,20,10,8,0.2,"[256, 128, 256, 512]",relu,FALSE,adam,mse,"[64, 128]",relu,FALSE,adam,binary_crossentropy,0.2,0.99729973,0.904590459,0.902790279,0,9.853404379,9.700969175
0,0.9,20,10,8,0.2,"[256, 128, 512, 64]",relu,FALSE,adam,mse,"[64, 128]",relu,FALSE,adam,binary_crossentropy,0.2,0.99909991,0.917191719,0.916291629,0,9.711595985,9.49696184
0,0.9,20,10,8,0.2,"[256, 128, 512, 128]",relu,FALSE,adam,mse,"[64, 128]",relu,FALSE,adam,binary_crossentropy,0.2,0.99729973,0.888388839,0.887488749,0,10.25417131,9.850789795
0,0.9,20,10,8,0.2,"[256, 128, 512, 256]",relu,FALSE,adam,mse,"[64, 128]",relu,FALSE,adam,binary_crossentropy,0.2,0.99729973,0.905490549,0.903690369,0,9.522845505,9.044175089
0,0.9,20,10,8,0.2,"[256, 128, 512, 512]",relu,FALSE,adam,mse,"[64, 128]",relu,FALSE,adam,binary_crossentropy,0.2,0.99729973,0.906390639,0.905490549,0,9.784695751,9.471231075
0,0.9,20,10,8,0.2,"[256, 256, 64, 64]",relu,FALSE,adam,mse,"[64, 128]",relu,FALSE,adam,binary_crossentropy,0.2,0.99819982,0.909990999,0.909090909,0,10.03317914,9.598685723
0,0.9,20,10,8,0.2,"[256, 256, 64, 128]",relu,FALSE,adam,mse,"[64, 128]",relu,FALSE,adam,binary_crossentropy,0.2,0.99729973,0.931593159,0.930693069,0,10.12068023,9.909948391
0,0.9,20,10,8,0.2,"[256, 256, 64, 256]",relu,FALSE,adam,mse,"[64, 128]",relu,FALSE,adam,binary_crossentropy,0.2,0.99909991,0.917191719,0.917191719,0,9.984410275,9.635803683
0,0.9,20,10,8,0.2,"[256, 256, 64, 512]",relu,FALSE,adam,mse,"[64, 128]",relu,FALSE,adam,binary_crossentropy,0.2,0.99819982,0.910891089,0.909990999,0,9.573694362,9.158174484
0,0.9,20,10,8,0.2,"[256, 256, 128, 64]",relu,FALSE,adam,mse,"[64, 128]",relu,FALSE,adam,binary_crossentropy,0.2,0.99819982,0.897389739,0.896489649,0,9.682156406,9.447783734
0,0.9,20,10,8,0.2,"[256, 256, 128, 128]",relu,FALSE,adam,mse,"[64, 128]",relu,FALSE,adam,binary_crossentropy,0.2,1,0.901890189,0.901890189,0,9.919864634,9.565046256
0,0.9,20,10,8,0.2,"[256, 256, 128, 256]",relu,FALSE,adam,mse,"[64, 128]",relu,FALSE,adam,binary_crossentropy,0.2,0.99909991,0.908190819,0.908190819,0,9.750932049,9.308931477
0,0.9,20,10,8,0.2,"[256, 256, 128, 512]",relu,FALSE,adam,mse,"[64, 128]",relu,FALSE,adam,binary_crossentropy,0.2,0.99639964,0.900090009,0.898289829,0,9.704072001,9.375583563
0,0.9,20,10,8,0.2,"[256, 256, 256, 64]",relu,FALSE,adam,mse,"[64, 128]",relu,FALSE,adam,binary_crossentropy,0.2,0.99819982,0.910891089,0.909990999,0,9.607558339,9.165238356
0,0.9,20,10,8,0.2,"[256, 256, 256, 128]",relu,FALSE,adam,mse,"[64, 128]",relu,FALSE,adam,binary_crossentropy,0.2,0.99729973,0.889288929,0.888388839,0,10.14213141,9.910508586
0,0.9,20,10,8,0.2,"[256, 256, 256, 256]",relu,FALSE,adam,mse,"[64, 128]",relu,FALSE,adam,binary_crossentropy,0.2,0.99369937,0.904590459,0.900090009,0.001,9.891001405,9.579098027
0,0.9,20,10,8,0.2,"[256, 256, 256, 512]",relu,FALSE,adam,mse,"[64, 128]",relu,FALSE,adam,binary_crossentropy,0.2,0.98919892,0.927992799,0.920792079,0.000977517,9.914395902,9.568012096
0,0.9,20,10,8,0.2,"[256, 256, 512, 64]",relu,FALSE,adam,mse,"[64, 128]",relu,FALSE,adam,binary_crossentropy,0.2,0.9909991,0.909990999,0.908190819,0,9.752047082,9.4585681
0,0.9,20,10,8,0.2,"[256, 256, 512, 128]",relu,FALSE,adam,mse,"[64, 128]",relu,FALSE,adam,binary_crossentropy,0.2,0.99909991,0.911791179,0.910891089,0,9.566666681,9.357887882
0,0.9,20,10,8,0.2,"[256, 256, 512, 256]",relu,FALSE,adam,mse,"[64, 128]",relu,FALSE,adam,binary_crossentropy,0.2,0.99549955,0.903690369,0.902790279,0.000997009,9.854717147,9.428934092
0,0.9,20,10,8,0.2,"[256, 256, 512, 512]",relu,FALSE,adam,mse,"[64, 128]",relu,FALSE,adam,binary_crossentropy,0.2,0.99819982,0.909090909,0.908190819,0,9.521560943,9.296663885
0,0.9,20,10,8,0.2,"[256, 512, 64, 64]",relu,FALSE,adam,mse,"[64, 128]",relu,FALSE,adam,binary_crossentropy,0.2,0.99909991,0.909090909,0.908190819,0,9.607543785,9.414897521
0,0.9,20,10,8,0.2,"[256, 512, 64, 128]",relu,FALSE,adam,mse,"[64, 128]",relu,FALSE,adam,binary_crossentropy,0.2,0.99909991,0.917191719,0.917191719,0.000981354,10.47562784,10.24421992
0,0.9,20,10,8,0.2,"[256, 512, 64, 256]",relu,FALSE,adam,mse,"[64, 128]",relu,FALSE,adam,binary_crossentropy,0.2,0.99819982,0.915391539,0.914491449,0,9.989946776,9.7222585
0,0.9,20,10,8,0.2,"[256, 512, 64, 512]",relu,FALSE,adam,mse,"[64, 128]",relu,FALSE,adam,binary_crossentropy,0.2,0.99909991,0.925292529,0.924392439,0.00097371,11.11719961,10.80339761
0,0.9,20,10,8,0.2,"[256, 512, 128, 64]",relu,FALSE,adam,mse,"[64, 128]",relu,FALSE,adam,binary_crossentropy,0.2,1,0.915391539,0.915391539,0,9.998352527,9.682710488
0,0.9,20,10,8,0.2,"[256, 512, 128, 128]",relu,FALSE,adam,mse,"[64, 128]",relu,FALSE,adam,binary_crossentropy,0.2,0.99819982,0.898289829,0.898289829,0,9.426200774,9.244300476
0,0.9,20,10,8,0.2,"[256, 512, 128, 256]",relu,FALSE,adam,mse,"[64, 128]",relu,FALSE,adam,binary_crossentropy,0.2,0.99729973,0.914491449,0.914491449,0,9.982191429,9.611978817
0,0.9,20,10,8,0.2,"[256, 512, 128, 512]",relu,FALSE,adam,mse,"[64, 128]",relu,FALSE,adam,binary_crossentropy,0.2,1,0.908190819,0.908190819,0.00099108,10.28838575,9.999528004
0,0.9,20,10,8,0.2,"[256, 512, 256, 64]",relu,FALSE,adam,mse,"[64, 128]",relu,FALSE,adam,binary_crossentropy,0.2,0.99549955,0.903690369,0.902790279,0,10.1290584,9.750362239
0,0.9,20,10,8,0.2,"[256, 512, 256, 128]",relu,FALSE,adam,mse,"[64, 128]",relu,FALSE,adam,binary_crossentropy,0.2,0.99819982,0.901890189,0.900990099,0.000999001,10.041873,9.804282486
0,0.9,20,10,8,0.2,"[256, 512, 256, 256]",relu,FALSE,adam,mse,"[64, 128]",relu,FALSE,adam,binary_crossentropy,0.2,0.99639964,0.904590459,0.900990099,0.008991009,10.19399532,9.893350211
0,0.9,20,10,8,0.2,"[256, 512, 256, 512]",relu,FALSE,adam,mse,"[64, 128]",relu,FALSE,adam,binary_crossentropy,0.2,0.99819982,0.919891989,0.918091809,0,9.807493437,9.471723171
0,0.9,20,10,8,0.2,"[256, 512, 512, 64]",relu,FALSE,adam,mse,"[64, 128]",relu,FALSE,adam,binary_crossentropy,0.2,0.99909991,0.909990999,0.909990999,0,9.866661894,9.622932621
0,0.9,20,10,8,0.2,"[256, 512, 512, 128]",relu,FALSE,adam,mse,"[64, 128]",relu,FALSE,adam,binary_crossentropy,0.2,0.99549955,0.923492349,0.919891989,0,10.59898974,10.25467772
0,0.9,20,10,8,0.2,"[256, 512, 512, 256]",relu,FALSE,adam,mse,"[64, 128]",relu,FALSE,adam,binary_crossentropy,0.2,0.99639964,0.911791179,0.909990999,0.00098912,9.846827374,9.549239183
0,0.9,20,10,8,0.2,"[256, 512, 512, 512]",relu,FALSE,adam,mse,"[64, 128]",relu,FALSE,adam,binary_crossentropy,0.2,0.99819982,0.902790279,0.902790279,0.000997009,9.948912317,9.597573577
0,0.9,20,10,8,0.2,"[512, 64, 64, 64]",relu,FALSE,adam,mse,"[64, 128]",relu,FALSE,adam,binary_crossentropy,0.2,1,0.929792979,0.929792979,0,10.60815115,10.36417806
0,0.9,20,10,8,0.2,"[512, 64, 64, 128]",relu,FALSE,adam,mse,"[64, 128]",relu,FALSE,adam,binary_crossentropy,0.2,0.99729973,0.911791179,0.910891089,0,10.64744012,10.49248813
0,0.9,20,10,8,0.2,"[512, 64, 64, 256]",relu,FALSE,adam,mse,"[64, 128]",relu,FALSE,adam,binary_crossentropy,0.2,0.99909991,0.914491449,0.913591359,0,10.79507857,10.60541659
0,0.9,20,10,8,0.2,"[512, 64, 64, 512]",relu,FALSE,adam,mse,"[64, 128]",relu,FALSE,adam,binary_crossentropy,0.2,0.99729973,0.921692169,0.920792079,0.000977517,10.72749592,10.22141753
0,0.9,20,10,8,0.2,"[512, 64, 128, 64]",relu,FALSE,adam,mse,"[64, 128]",relu,FALSE,adam,binary_crossentropy,0.2,0.99639964,0.913591359,0.910891089,0,10.08232045,9.767297561
0,0.9,20,10,8,0.2,"[512, 64, 128, 128]",relu,FALSE,adam,mse,"[64, 128]",relu,FALSE,adam,binary_crossentropy,0.2,0.99909991,0.906390639,0.906390639,0,9.955170705,9.625740814
0,0.9,20,10,8,0.2,"[512, 64, 128, 256]",relu,FALSE,adam,mse,"[64, 128]",relu,FALSE,adam,binary_crossentropy,0.2,0.98919892,0.936093609,0.930693069,0.010638298,10.41821826,10.13278933
0,0.9,20,10,8,0.2,"[512, 64, 128, 512]",relu,FALSE,adam,mse,"[64, 128]",relu,FALSE,adam,binary_crossentropy,0.2,0.99639964,0.916291629,0.913591359,0,9.803132338,9.571100943
0,0.9,20,10,8,0.2,"[512, 64, 256, 64]",relu,FALSE,adam,mse,"[64, 128]",relu,FALSE,adam,binary_crossentropy,0.2,0.99819982,0.918091809,0.916291629,0.006876228,10.08876904,9.945544765
0,0.9,20,10,8,0.2,"[512, 64, 256, 128]",relu,FALSE,adam,mse,"[64, 128]",relu,FALSE,adam,binary_crossentropy,0.2,0.99639964,0.903690369,0.901890189,0,9.614755652,9.323847777
0,0.9,20,10,8,0.2,"[512, 64, 256, 256]",relu,FALSE,adam,mse,"[64, 128]",relu,FALSE,adam,binary_crossentropy,0.2,0.99909991,0.903690369,0.902790279,0.000997009,10.04349304,9.822857504
0,0.9,20,10,8,0.2,"[512, 64, 256, 512]",relu,FALSE,adam,mse,"[64, 128]",relu,FALSE,adam,binary_crossentropy,0.2,0.99819982,0.913591359,0.911791179,0.000987167,9.929555913,9.62152758
0,0.9,20,10,8,0.2,"[512, 64, 512, 64]",relu,FALSE,adam,mse,"[64, 128]",relu,FALSE,adam,binary_crossentropy,0.2,0.99549955,0.909090909,0.907290729,0,9.988246545,9.756695284
0,0.9,20,10,8,0.2,"[512, 64, 512, 128]",relu,FALSE,adam,mse,"[64, 128]",relu,FALSE,adam,binary_crossentropy,0.2,0.99639964,0.900990099,0.900090009,0.001,9.624763023,9.296605266
0,0.9,20,10,8,0.2,"[512, 64, 512, 256]",relu,FALSE,adam,mse,"[64, 128]",relu,FALSE,adam,binary_crossentropy,0.2,0.99459946,0.901890189,0.897389739,0,10.25062469,9.939555746
0,0.9,20,10,8,0.2,"[512, 64, 512, 512]",relu,FALSE,adam,mse,"[64, 128]",relu,FALSE,adam,binary_crossentropy,0.2,0.99009901,0.907290729,0.898289829,0.001002004,9.796456042,9.564041197
0,0.9,20,10,8,0.2,"[512, 128, 64, 64]",relu,FALSE,adam,mse,"[64, 128]",relu,FALSE,adam,binary_crossentropy,0.2,0.99639964,0.906390639,0.905490549,0,9.992216969,9.734297197
0,0.9,20,10,8,0.2,"[512, 128, 64, 128]",relu,FALSE,adam,mse,"[64, 128]",relu,FALSE,adam,binary_crossentropy,0.2,0.99819982,0.922592259,0.922592259,0.00097561,10.41753823,10.12383849
0,0.9,20,10,8,0.2,"[512, 128, 64, 256]",relu,FALSE,adam,mse,"[64, 128]",relu,FALSE,adam,binary_crossentropy,0.2,1,0.908190819,0.908190819,0,11.04203455,10.74213647
0,0.9,20,10,8,0.2,"[512, 128, 64, 512]",relu,FALSE,adam,mse,"[64, 128]",relu,FALSE,adam,binary_crossentropy,0.2,0.99819982,0.897389739,0.896489649,0,9.907255457,9.73976342
0,0.9,20,10,8,0.2,"[512, 128, 128, 64]",relu,FALSE,adam,mse,"[64, 128]",relu,FALSE,adam,binary_crossentropy,0.2,0.99369937,0.926192619,0.919891989,0,10.43201516,10.10280764
0,0.9,20,10,8,0.2,"[512, 128, 128, 128]",relu,FALSE,adam,mse,"[64, 128]",relu,FALSE,adam,binary_crossentropy,0.2,0.99909991,0.918991899,0.918991899,0.000979432,10.44252154,10.15106553
0,0.9,20,10,8,0.2,"[512, 128, 128, 256]",relu,FALSE,adam,mse,"[64, 128]",relu,FALSE,adam,binary_crossentropy,0.2,0.99909991,0.910891089,0.909990999,0,9.908490172,9.577859544
0,0.9,20,10,8,0.2,"[512, 128, 128, 512]",relu,FALSE,adam,mse,"[64, 128]",relu,FALSE,adam,binary_crossentropy,0.2,1,0.906390639,0.906390639,0,10.16762342,9.939455243
0,0.9,20,10,8,0.2,"[512, 128, 256, 64]",relu,FALSE,adam,mse,"[64, 128]",relu,FALSE,adam,binary_crossentropy,0.2,0.99819982,0.904590459,0.902790279,0,9.809851472,9.620314938
0,0.9,20,10,8,0.2,"[512, 128, 256, 128]",relu,FALSE,adam,mse,"[64, 128]",relu,FALSE,adam,binary_crossentropy,0.2,0.99729973,0.913591359,0.911791179,0,9.839471274,9.558834521
0,0.9,20,10,8,0.2,"[512, 128, 256, 256]",relu,FALSE,adam,mse,"[64, 128]",relu,FALSE,adam,binary_crossentropy,0.2,0.99459946,0.910891089,0.909090909,0,9.514194045,9.227233447
0,0.9,20,10,8,0.2,"[512, 128, 256, 512]",relu,FALSE,adam,mse,"[64, 128]",relu,FALSE,adam,binary_crossentropy,0.2,0.99459946,0.909090909,0.907290729,0,10.45014879,10.04123749
0,0.9,20,10,8,0.2,"[512, 128, 512, 64]",relu,FALSE,adam,mse,"[64, 128]",relu,FALSE,adam,binary_crossentropy,0.2,0.99729973,0.910891089,0.909090909,0,9.747701511,9.441359001
0,0.9,20,10,8,0.2,"[512, 128, 512, 128]",relu,FALSE,adam,mse,"[64, 128]",relu,FALSE,adam,binary_crossentropy,0.2,0.99369937,0.904590459,0.900090009,0.001,9.570403159,9.269943163
0,0.9,20,10,8,0.2,"[512, 128, 512, 256]",relu,FALSE,adam,mse,"[64, 128]",relu,FALSE,adam,binary_crossentropy,0.2,0.99549955,0.893789379,0.891089109,0,10.53874577,10.21791766
0,0.9,20,10,8,0.2,"[512, 128, 512, 512]",relu,FALSE,adam,mse,"[64, 128]",relu,FALSE,adam,binary_crossentropy,0.2,0.98649865,0.903690369,0.896489649,0,9.170839134,8.868345691
0,0.9,20,10,8,0.2,"[512, 256, 64, 64]",relu,FALSE,adam,mse,"[64, 128]",relu,FALSE,adam,binary_crossentropy,0.2,0.99819982,0.919891989,0.918091809,0,9.760071403,9.493585003
0,0.9,20,10,8,0.2,"[512, 256, 64, 128]",relu,FALSE,adam,mse,"[64, 128]",relu,FALSE,adam,binary_crossentropy,0.2,0.99909991,0.924392439,0.923492349,0,9.858717371,9.591203263
0,0.9,20,10,8,0.2,"[512, 256, 64, 256]",relu,FALSE,adam,mse,"[64, 128]",relu,FALSE,adam,binary_crossentropy,0.2,0.99909991,0.913591359,0.912691269,0,9.832587072,9.570032499
0,0.9,20,10,8,0.2,"[512, 256, 64, 512]",relu,FALSE,adam,mse,"[64, 128]",relu,FALSE,adam,binary_crossentropy,0.2,0.99909991,0.922592259,0.921692169,0,10.17216606,9.926757669
0,0.9,20,10,8,0.2,"[512, 256, 128, 64]",relu,FALSE,adam,mse,"[64, 128]",relu,FALSE,adam,binary_crossentropy,0.2,0.99819982,0.900090009,0.898289829,0.001002004,9.74519077,9.489760425
0,0.9,20,10,8,0.2,"[512, 256, 128, 128]",relu,FALSE,adam,mse,"[64, 128]",relu,FALSE,adam,binary_crossentropy,0.2,0.99729973,0.902790279,0.901890189,0,9.446024658,9.244058531
0,0.9,20,10,8,0.2,"[512, 256, 128, 256]",relu,FALSE,adam,mse,"[64, 128]",relu,FALSE,adam,binary_crossentropy,0.2,0.99909991,0.914491449,0.914491449,0,10.54764597,10.15773933
0,0.9,20,10,8,0.2,"[512, 256, 128, 512]",relu,FALSE,adam,mse,"[64, 128]",relu,FALSE,adam,binary_crossentropy,0.2,0.99729973,0.907290729,0.905490549,0,9.585861352,9.363225503
0,0.9,20,10,8,0.2,"[512, 256, 256, 64]",relu,FALSE,adam,mse,"[64, 128]",relu,FALSE,adam,binary_crossentropy,0.2,0.99819982,0.922592259,0.920792079,0.001955034,10.09399109,9.924139989
0,0.9,20,10,8,0.2,"[512, 256, 256, 128]",relu,FALSE,adam,mse,"[64, 128]",relu,FALSE,adam,binary_crossentropy,0.2,0.99909991,0.924392439,0.923492349,0,9.750647311,9.465714699
0,0.9,20,10,8,0.2,"[512, 256, 256, 256]",relu,FALSE,adam,mse,"[64, 128]",relu,FALSE,adam,binary_crossentropy,0.2,0.99459946,0.907290729,0.905490549,0,10.08873125,9.909722452
0,0.9,20,10,8,0.2,"[512, 256, 256, 512]",relu,FALSE,adam,mse,"[64, 128]",relu,FALSE,adam,binary_crossentropy,0.2,0.99549955,0.901890189,0.899189919,0,9.360696982,9.170107349
0,0.9,20,10,8,0.2,"[512, 256, 512, 64]",relu,FALSE,adam,mse,"[64, 128]",relu,FALSE,adam,binary_crossentropy,0.2,0.99639964,0.908190819,0.906390639,0,9.811307362,9.428834975
0,0.9,20,10,8,0.2,"[512, 256, 512, 128]",relu,FALSE,adam,mse,"[64, 128]",relu,FALSE,adam,binary_crossentropy,0.2,0.99459946,0.912691269,0.908190819,0,10.01692211,9.634319764
0,0.9,20,10,8,0.2,"[512, 256, 512, 256]",relu,FALSE,adam,mse,"[64, 128]",relu,FALSE,adam,binary_crossentropy,0.2,0.99909991,0.901890189,0.900990099,0,10.36942618,10.1368292
0,0.9,20,10,8,0.2,"[512, 256, 512, 512]",relu,FALSE,adam,mse,"[64, 128]",relu,FALSE,adam,binary_crossentropy,0.2,0.99639964,0.911791179,0.909990999,0.00098912,9.099426531,8.868653103
0,0.9,20,10,8,0.2,"[512, 512, 64, 64]",relu,FALSE,adam,mse,"[64, 128]",relu,FALSE,adam,binary_crossentropy,0.2,0.99729973,0.920792079,0.920792079,0,10.17976508,9.834715138
0,0.9,20,10,8,0.2,"[512, 512, 64, 128]",relu,FALSE,adam,mse,"[64, 128]",relu,FALSE,adam,binary_crossentropy,0.2,1,0.920792079,0.920792079,0.001955034,9.825297611,9.494479738
0,0.9,20,10,8,0.2,"[512, 512, 64, 256]",relu,FALSE,adam,mse,"[64, 128]",relu,FALSE,adam,binary_crossentropy,0.2,0.99819982,0.912691269,0.910891089,0,9.844000646,9.36551793
0,0.9,20,10,8,0.2,"[512, 512, 64, 512]",relu,FALSE,adam,mse,"[64, 128]",relu,FALSE,adam,binary_crossentropy,0.2,0.99819982,0.921692169,0.919891989,0.003913894,10.18575124,9.865129366
0,0.9,20,10,8,0.2,"[512, 512, 128, 64]",relu,FALSE,adam,mse,"[64, 128]",relu,FALSE,adam,binary_crossentropy,0.2,0.99729973,0.921692169,0.920792079,0,10.10265293,9.750598376
0,0.9,20,10,8,0.2,"[512, 512, 128, 128]",relu,FALSE,adam,mse,"[64, 128]",relu,FALSE,adam,binary_crossentropy,0.2,0.99549955,0.896489649,0.894689469,0.001006036,9.855896743,9.54745504
0,0.9,20,10,8,0.2,"[512, 512, 128, 256]",relu,FALSE,adam,mse,"[64, 128]",relu,FALSE,adam,binary_crossentropy,0.2,0.99909991,0.919891989,0.919891989,0.001956947,10.32030895,10.01291805
0,0.9,20,10,8,0.2,"[512, 512, 128, 512]",relu,FALSE,adam,mse,"[64, 128]",relu,FALSE,adam,binary_crossentropy,0.2,0.99729973,0.904590459,0.903690369,0,9.284276145,8.969666847
0,0.9,20,10,8,0.2,"[512, 512, 256, 64]",relu,FALSE,adam,mse,"[64, 128]",relu,FALSE,adam,binary_crossentropy,0.2,0.99639964,0.936993699,0.936093609,0,10.02516549,9.731379756
0,0.9,20,10,8,0.2,"[512, 512, 256, 128]",relu,FALSE,adam,mse,"[64, 128]",relu,FALSE,adam,binary_crossentropy,0.2,0.99639964,0.902790279,0.900990099,0.000999001,10.25829435,9.745881296
0,0.9,20,10,8,0.2,"[512, 512, 256, 256]",relu,FALSE,adam,mse,"[64, 128]",relu,FALSE,adam,binary_crossentropy,0.2,0.99729973,0.894689469,0.893789379,0,10.01891179,9.639250472
0,0.9,20,10,8,0.2,"[512, 512, 256, 512]",relu,FALSE,adam,mse,"[64, 128]",relu,FALSE,adam,binary_crossentropy,0.2,0.99909991,0.900090009,0.900090009,0,9.415974753,9.090220833
0,0.9,20,10,8,0.2,"[512, 512, 512, 64]",relu,FALSE,adam,mse,"[64, 128]",relu,FALSE,adam,binary_crossentropy,0.2,0.99639964,0.920792079,0.918091809,0,10.05619108,9.758951467
0,0.9,20,10,8,0.2,"[512, 512, 512, 128]",relu,FALSE,adam,mse,"[64, 128]",relu,FALSE,adam,binary_crossentropy,0.2,0.99819982,0.915391539,0.915391539,0,10.50711999,10.22683758
0,0.9,20,10,8,0.2,"[512, 512, 512, 256]",relu,FALSE,adam,mse,"[64, 128]",relu,FALSE,adam,binary_crossentropy,0.2,0.99639964,0.903690369,0.903690369,0,9.305429151,8.882708995
0,0.9,20,10,8,0.2,"[512, 512, 512, 512]",relu,FALSE,adam,mse,"[64, 128]",relu,FALSE,adam,binary_crossentropy,0.2,0.99819982,0.891989199,0.891089109,0,9.769569244,9.397080735
0,0.9,20,10,8,0.2,"[64, 64, 256, 512]",relu,False,adam,mse,"[64, 128]",relu,False,adam,binary_crossentropy,0.2,0.9954995499549955,0.891989198919892,0.8901890189018902,0.0,9.748276900410232,9.499426376417412
